Gene;(Intercept);Selection;C_PT1_G9_C;C_PT2_G9_C;C_PT3_G9_C;W_PT1_G9_C;W_PT2_G9_C;W_PT3_G9_C;meanWPT9;meanPT9;meanWPT9-meanPT9;meanWPT9DIVmeanPT9;C_PT1_G23_C;C_PT2_G23_C;C_PT3_G23_C;W_PT1_G23_C;W_PT2_G23_C;W_PT3_G23_C;meanWPT23;meanPT23;meanWPT23-meanPT23;meanWPT23DIVmeanPT23;meanWPT23DIVmeanPT23.DIV.meanWPT9DIVmeanPT9
gene-LOC117893766;1;1.33E-109;4022.550396;3667.01057;3314.351319;4265.43659;3854.101454;3549.518704;3889.685583;3667.970762;221.7148212;1.06044618;5788.775919;5314.874204;5469.10923;5458.205842;5039.844684;4669.179281;5055.743269;5524.253118;-468.5098489;0.915190373;0.863023876
gene-LOC117895462;0;6.19E-64;6130.995723;9683.411696;10449.12263;7127.413913;11050.45131;12103.27689;10093.71404;8754.510016;1339.204022;1.152973041;7773.309456;3333.534174;10583.70228;4674.314578;6033.122058;10356.36061;7021.265749;7230.181969;-208.9162192;0.971104985;0.842261657
gene-LOC117896231;0;8.00E-62;3108.467567;2156.39;3015.491868;3967.471392;2703.699048;3892.417174;3521.195871;2760.116478;761.0793931;1.275741766;3040.960252;1987.208928;2094.234652;1788.945751;2041.914259;2018.96641;1949.94214;2374.134611;-424.1924709;0.82132754;0.643803912
gene-LOC117897170;0;2.87E-46;15206.39286;19842.54368;19929.94064;13694.5237;18363.36176;18284.80112;16780.89553;18326.29239;-1545.396865;0.91567324;17287.78713;16228.67729;19336.06954;16156.86995;16113.87603;17467.04105;16579.26234;17617.51132;-1038.248976;0.941067217;1.027732575
gene-LOC117892067;0;5.10E-38;5030.385309;6339.807464;6063.858275;4310.779121;5571.258644;5224.525774;5035.52118;5811.350349;-775.8291697;0.866497608;4699.163024;4886.444636;4468.298091;5365.983341;5254.89509;3983.412209;4868.09688;4684.63525;183.4616296;1.039162415;1.199267493
gene-LOC117899010;1;3.99E-31;191.4105068;170.0491388;150.425924;200.8026337;142.7444983;151.7065957;165.0845759;170.6285232;-5.543947318;0.967508672;130.5323062;163.1553698;119.4998375;147.7267852;155.4324723;128.6345688;143.9312754;137.7291712;6.20210423;1.045031159;1.080125884
gene-LOC117892918;0;2.72E-30;511.7301304;561.2664827;682.3957481;766.5046771;959.513314;1228.199973;984.7393214;585.1307871;399.6085344;1.682938829;652.6615311;717.1793593;930.1070687;696.7922352;925.1425919;814.4016407;812.1121559;766.6493197;45.46283624;1.059300693;0.629435055
gene-LOC117902005;0;4.42E-27;4260.836945;2359.823018;2340.069507;3542.115275;2060.081842;1971.146657;2524.447925;2986.909823;-462.4618983;0.845170452;4571.949335;2610.485917;2640.946409;3732.449583;1888.610999;2839.331243;2820.130608;3274.460554;-454.3299453;0.861250445;1.01902574
gene-LOC117903020;0;4.84E-26;103.5179271;60.50828252;120.5399789;218.0759786;174.8408944;236.91167;209.9428476;94.85539618;115.0874514;2.213293667;51.99168129;70.42677833;62.7374147;105.8850946;51.10108678;87.74410982;81.57676372;61.71862477;19.85813895;1.321752778;0.597188162
gene-LOC117899796;0;1.31E-20;640.6392473;826.2510303;955.3540473;799.9717827;1049.045366;1267.685251;1038.9008;807.414775;231.4860252;1.286700259;149.337808;153.7651327;142.403973;152.8502575;306.6065207;213.8230249;224.426601;148.5023046;75.92429646;1.511266789;1.174529016
gene-LOC117896252;0;7.86E-18;5963.023237;5326.815355;4595.462169;6588.701471;5750.322748;5117.499888;5818.841369;5295.100254;523.7411154;1.098910519;5378.373498;6172.90712;6168.18328;6418.00299;6409.992573;6217.905414;6348.633659;5906.487966;442.1456925;1.07485763;0.978112059
gene-LOC117901317;7.58E-151;4.85E-17;320.3196236;697.9317415;286.9050736;206.200554;475.533447;226.5208072;302.7516027;435.0521463;-132.3005435;0.695897274;188.0550174;340.3960953;148.3789649;126.3789838;371.5474851;97.11484;198.347103;225.6100259;-27.26292288;0.879159081;1.263346062
gene-LOC117893840;0;2.34E-16;127.9325326;112.670595;125.5209697;62.61587503;82.77491618;78.97055665;74.78711595;122.0413658;-47.25424984;0.612801368;74.11580099;90.38103219;50.78743094;52.08863523;72.39320627;39.18668982;54.55617711;71.76142137;-17.20524427;0.76024382;1.240603986
gene-LOC117898493;0;4.76E-16;1027.366598;1192.430464;1081.871215;1266.352093;1479.812787;1250.020785;1332.061888;1100.556092;231.5057961;1.210353473;1387.182305;1672.635985;1435.989714;1966.559458;1514.934302;1639.877781;1707.123847;1498.602668;208.5211786;1.139143739;0.941166167
gene-LOC117900137;0;8.04E-16;753.9230166;1588.864039;1585.94749;1124.926582;2174.953155;1996.084728;1765.321488;1309.578182;455.7433062;1.348007712;938.0626752;2155.059417;1636.151942;1473.852203;2134.534979;1436.277371;1681.554851;1576.424678;105.130173;1.066688992;0.791307782
gene-LOC117889790;0;8.55E-16;1300.810179;1766.215902;1875.841159;1531.92977;2011.937248;2232.996398;1925.621139;1647.622413;277.9987256;1.168727206;1893.824646;802.8652729;2064.359693;1249.273333;1075.252034;1357.052106;1227.192491;1587.016537;-359.824046;0.773270135;0.661634409
gene-LOC117903562;0;1.67E-15;777.3610378;688.5425253;662.4717846;1004.013169;853.9330638;823.9954135;893.9805486;709.4584492;184.5220994;1.260088663;1313.066504;1139.740029;1324.456532;1069.951802;1009.246464;1056.336856;1045.178374;1259.087689;-213.9093145;0.830107691;0.658769272
gene-LOC117898135;0;1.46E-14;2367.240145;2603.942641;2163.74243;2134.337671;2276.310195;1833.98727;2081.545045;2378.308406;-296.7633604;0.875220825;2750.028078;2660.958441;2769.408734;1990.468995;2827.593468;1777.88308;2198.648514;2726.798418;-528.1499035;0.80631135;0.921266185
gene-LOC117897827;0;1.49E-14;1659.216587;1954.000227;1851.932402;1896.82918;2255.194145;2147.791324;2099.938216;1821.716405;278.2218106;1.152725095;2243.385737;2281.827618;2379.042599;2671.036902;2499.694828;2394.647502;2521.793077;2301.418651;220.3744261;1.095755905;0.950578685
gene-LOC117899750;0;6.48E-13;855.4877753;856.5051716;1103.787575;999.6948324;1005.123982;1377.828396;1127.54907;938.5935073;188.955563;1.201317782;1525.458053;936.6761518;1101.390169;1122.040438;999.6650101;1099.782969;1073.829472;1187.841458;-114.0119859;0.904017506;0.752521539
gene-LOC117899528;0;7.51E-13;1717.81164;2000.946308;1748.327793;2041.493443;2243.369157;1958.677622;2081.180074;1822.361914;258.8181603;1.142023469;2240.067119;2423.854954;2665.842209;2367.898123;2499.694828;2541.171647;2469.588199;2443.254761;26.33343853;1.010778016;0.885076396
gene-LOC117900208;0;7.62E-13;5797.980505;6050.828252;6175.432471;6480.743066;6445.463116;6916.158225;6614.121469;6008.080409;606.0410595;1.100870997;6693.652414;7295.040455;7653.964593;8436.651083;7567.219267;8759.07706;8254.315803;7214.219154;1040.096649;1.144173143;1.039334442
gene-LOC117891490;0;4.51E-12;109.3774325;75.11373003;58.77569217;166.255944;151.1909183;133.0030428;150.1499684;81.08895155;69.06101683;1.85166987;73.009595;98.59748966;51.78326292;262.1510002;208.662771;91.15164807;187.3218064;74.46344919;112.8583572;2.515620865;1.358568774
gene-LOC117899978;1;6.75E-12;11568.61665;13488.13077;12939.61806;12011.45217;14354.69082;13433.30732;13266.48344;12665.45516;601.0282744;1.047454139;18811.03277;17292.12164;19307.19041;17461.64757;16598.27175;17237.8841;17099.26781;18470.11494;-1370.847136;0.92578026;0.883838466
gene-LOC117897033;0;8.02E-12;2077.194632;1925.832578;1884.806942;2416.109109;2208.738835;2038.687265;2221.178403;1962.611384;258.5670186;1.131746417;2359.537366;2520.104884;2597.129802;2597.600465;2420.913986;2702.177829;2573.564093;2492.257351;81.30674255;1.032623735;0.912416173
gene-LOC117896145;0;8.54E-12;1895.549968;1846.545863;1617.825832;2137.576423;2222.253107;1798.658336;2052.829289;1786.640554;266.1887345;1.148988409;1876.12535;2131.583824;2056.393037;2245.788699;2159.020916;2191.898976;2198.902864;2021.367404;177.5354601;1.087829387;0.946771419
gene-LOC117902328;0;8.95E-12;1543.979649;1691.102172;1824.038854;1295.500863;1435.891403;1657.342603;1462.911623;1686.373558;-223.4619352;0.867489659;2200.243704;1385.059974;1964.776495;1511.424334;1190.22948;1276.974958;1326.20959;1850.026724;-523.817134;0.716859693;0.826361082
gene-LOC117895887;0;1.16E-11;1521.518212;1579.474823;1486.327673;1860.123322;1794.864254;1671.889811;1775.625796;1529.106903;246.5188928;1.161217566;2009.976274;1939.083963;2239.626121;2075.860201;2094.079952;2209.788552;2126.576235;2062.895453;63.68078187;1.030869612;0.887748896
gene-LOC117891203;0;1.43E-11;6141.738149;5485.388785;5056.701923;6657.79485;5924.319001;5359.60699;5980.573613;5561.276286;419.2973278;1.075395881;7610.697176;7013.333342;8252.459613;7465.753079;7609.803506;7602.217826;7559.258137;7625.49671;-66.23857315;0.99131354;0.921812662
gene-LOC117902444;0;1.64E-11;4410.25433;4423.364102;4194.990504;4108.896903;3948.701358;3905.925295;3987.841186;4342.869645;-355.0284597;0.918250261;4234.55651;4037.801957;4061.002812;3661.574883;4484.120365;4390.613029;4178.769426;4111.120426;67.64899936;1.016455125;1.10694782
gene-LOC117896701;2.52E-30;2.22E-11;83.98624278;131.4490276;462.235952;44.26294614;100.5123982;306.5304502;150.4352648;225.8904074;-75.4551426;0.665965707;65.26615311;201.8900979;746.8739845;46.96516291;86.23308394;446.3875102;193.1952523;338.0100785;-144.8148261;0.571566544;0.858252216
gene-LOC117889935;0;2.55E-11;34643.34856;50437.82647;53690.1005;38605.92571;55249.72262;63292.82298;52382.82377;46257.09184;6125.731927;1.132427952;57757.22688;31986.66894;67157.91285;37020.50314;51063.82557;58071.26678;48718.53183;52300.60289;-3582.071059;0.931509947;0.822577671
gene-LOC117903536;0;2.87E-11;1359.405232;1468.890721;1152.601285;1502.781001;1778.816056;1357.046671;1546.214576;1326.965746;219.2488298;1.165225689;1706.875835;2099.891774;1796.480891;1730.879731;1733.178527;1844.330075;1769.462778;1867.7495;-98.28672195;0.947376925;0.813041571
gene-LOC117890579;0;6.32E-11;1960.004526;1589.907286;1611.848643;2203.431051;1907.20164;1774.759352;1961.797348;1720.586818;241.2105293;1.14019085;3427.026141;2160.928315;2198.79701;2399.492869;2195.21752;2439.797384;2344.835924;2595.583822;-250.7478981;0.903394413;0.792318596
gene-LOC117897864;0;6.76E-11;7077.305831;7436.259273;8507.532392;6084.535718;5806.06912;7385.825219;6425.476686;7673.699165;-1248.222479;0.83733758;4729.030585;5657.617859;5413.34264;5206.301787;5774.422806;7326.207228;6102.310607;5266.663695;835.6469123;1.158667225;1.383751611
gene-LOC117897942;0;8.07E-11;2038.131264;2913.786777;2313.172156;1738.130324;2322.765505;2049.078128;2036.657986;2421.696732;-385.0387468;0.841004556;1871.700526;1951.995539;1829.343346;1648.904174;1976.973295;1662.878664;1762.918711;1884.346471;-121.4277596;0.935559749;1.112431249
gene-LOC117895424;0;8.89E-11;7036.289293;6634.002906;6978.368197;7469.642058;7133.001705;7788.990693;7463.878152;6882.886799;580.9913527;1.084410999;8727.965221;8749.353428;8131.963943;9736.305227;9149.223745;9767.708381;9551.079118;8536.42753;1014.651588;1.118861384;1.031768752
gene-LOC117897565;0;2.95E-10;1353.545727;1238.333299;1366.783892;1134.642839;1094.656034;1187.675609;1138.991494;1319.554306;-180.5628122;0.863163788;1194.702464;1304.069179;1282.631589;1208.285555;1260.493474;1297.420187;1255.399739;1260.467744;-5.068005311;0.995979266;1.153870539
gene-LOC117899557;0;6.75E-10;1091.821156;1234.160314;1225.323752;1262.033757;1354.805771;1474.46342;1363.767649;1183.768407;179.9992417;1.152056129;1579.662146;1029.404743;1243.794142;1131.43347;1148.709847;1273.567419;1184.570245;1284.287011;-99.71676527;0.922356323;0.800617522
gene-LOC117893129;0;7.71E-10;3738.364388;4893.868161;4519.751108;4078.668549;5432.737356;4760.054211;4757.153372;4383.994552;373.1588197;1.08511845;5289.87702;6721.062212;6222.954039;6182.323263;6093.804598;6607.216658;6294.448173;6077.964423;216.4837499;1.035617805;0.954382266
gene-LOC117891888;0;7.78E-10;2057.662948;1964.43269;1780.206134;1645.286096;1693.507214;1585.645651;1641.479653;1934.100591;-292.6209373;0.848704386;1709.088247;2047.07169;1923.947384;1891.415197;1844.962154;1888.628073;1875.001808;1893.369107;-18.36729898;0.990299145;1.166836371
gene-LOC117899307;0;1.04E-09;697.2811319;845.0294628;1010.144947;535.4736899;728.9260476;869.7152094;711.371649;850.8185138;-139.4468649;0.836102691;1023.240536;698.3988851;874.3404778;837.6877239;592.9855278;891.0712512;773.9148343;865.326633;-91.41179865;0.89436151;1.069679024
gene-LOC117896079;0;1.20E-09;2292.043161;2386.947421;2123.894504;2512.19209;2707.077616;2311.966955;2510.41222;2267.628362;242.7838583;1.1070651;2405.998017;2743.123016;2698.704664;2986.130449;2808.430561;3206.493489;3000.3515;2615.941899;384.4096007;1.14694883;1.036026544
gene-LOC117898021;0;2.41E-09;2915.103892;2564.299284;2397.849001;3299.208864;2966.38271;3041.405517;3102.332364;2625.750725;476.5816383;1.181503002;3532.11571;5049.600006;4525.060514;5067.968034;4550.125935;5137.71579;4918.603253;4368.92541;549.6778431;1.125815342;0.952867102
gene-LOC117892070;0;2.96E-09;1208.034678;1411.512177;1346.859929;1390.504259;1578.635901;1544.0822;1504.407453;1322.135595;182.2718588;1.137861699;1384.969893;1773.581034;1817.393362;1940.942096;1767.245918;2009.59568;1905.927898;1658.648097;247.2798016;1.149085151;1.009863635
gene-LOC117892584;4.81E-197;3.11E-09;92.77550075;162.7464151;92.64643003;45.34253019;88.68741019;68.57969393;67.53654477;116.0561153;-48.51957051;0.581930083;118.3640404;132.6370992;157.3414527;52.94254728;183.1122276;77.52149509;104.5254233;136.1141974;-31.5887741;0.767924473;1.319616386
gene-LOC117892300;0;4.82E-09;1078.148977;1106.884272;1160.570871;873.3834983;987.3865001;1022.460891;961.0769632;1115.201373;-154.12441;0.86179679;1362.845773;1363.93194;1238.814982;1126.309998;1251.976626;1107.44993;1161.912185;1321.864232;-159.9520474;0.878995101;1.019956342
gene-LOC117894448;0;5.70E-09;29265.29927;20883.70344;22201.27247;34197.98402;23111.9391;23974.83755;27094.92022;24116.75839;2978.161828;1.123489309;40446.20942;27046.23044;30520.2585;29737.48724;27984.23265;35824.30146;31182.00712;32670.89945;-1488.892338;0.954427568;0.849520828
gene-LOC117903176;0;6.57E-09;1463.899743;1170.522293;1236.281932;1269.590845;1076.07391;1030.773582;1125.479446;1290.234656;-164.7552103;0.872306011;1402.669189;1482.483684;1369.268972;1651.46591;1344.597346;1437.129255;1477.730837;1418.140615;59.59022238;1.042019967;1.194557821
gene-LOC117897656;0;7.03E-09;3120.186578;2076.060038;2060.13782;2451.735383;1858.212404;1707.218744;2005.722177;2418.794812;-413.0726352;0.82922378;2875.029355;2385.120226;1950.834847;1835.910914;2358.102234;2581.210221;2258.407789;2403.661476;-145.2536866;0.939569824;1.13307149
gene-LOC117903056;0;7.73E-09;1857.463183;1741.177992;1610.852445;1651.7636;1560.898419;1423.548192;1545.403404;1736.497873;-191.0944695;0.889954101;1625.016592;1610.425664;1687.935205;1584.86077;1567.099995;1476.315945;1542.758903;1641.12582;-98.36691715;0.940061319;1.056303148
gene-LOC117899984;0;9.28E-09;1809.610557;2309.747198;2005.346921;2175.361865;2514.499239;2356.647664;2348.836256;2041.568225;307.2680309;1.150505884;2368.387014;2393.336684;2128.09294;2538.680533;2563.571187;2774.588016;2625.613246;2296.605546;329.0076999;1.143258254;0.993700484
gene-LOC117903862;0;9.48E-09;2003.950816;1446.982549;1337.894145;2192.63521;1649.58583;1525.378647;1789.199896;1596.275837;192.9240585;1.120858848;2387.192515;1822.879779;1981.705639;1918.740383;1800.248703;1833.255576;1850.748221;2063.925978;-213.1777571;0.896712499;0.800022679
gene-LOC117891118;0;1.13E-08;546.8871623;637.423459;444.3043849;403.7644355;522.8333991;388.6182656;438.4053668;542.8716687;-104.466302;0.807567224;1067.488775;787.6061376;1184.044223;714.7243883;1015.6341;1158.563003;962.9738305;1013.046379;-50.0725483;0.950572304;1.177081332
gene-LOC117900175;0;1.26E-08;1999.067895;2807.37566;2451.643702;2279.001934;3075.341529;2606.028369;2653.457277;2419.362419;234.0948584;1.096758905;2847.374205;4176.307955;3181.683174;4431.803555;3374.800939;4031.969629;3946.191374;3401.788445;544.4029298;1.160034329;1.057693102
gene-LOC117897558;0;1.37E-08;46.87604248;61.55152877;49.80990862;98.24214876;83.61955818;96.63502327;92.8322434;52.74582663;40.08641678;1.759992199;43.14203341;99.7712693;98.58736595;64.89731602;159.6908962;114.1525312;112.9135811;80.50022289;32.41335826;1.402649298;0.796963361
gene-LOC117894775;0;1.47E-08;1731.483819;2576.818239;2497.468818;1530.850186;2322.765505;2306.771523;2053.462405;2268.590292;-215.1278872;0.905171115;1911.523942;1622.163461;2075.313845;1267.205487;1843.897548;2059.004985;1723.36934;1869.667083;-146.2977427;0.921751982;1.018317937
gene-LOC117897194;0;1.72E-08;4563.578052;4300.261044;4961.066898;4386.350004;3966.43884;4550.158784;4300.982543;4608.301998;-307.3194555;0.93331178;3673.710076;3984.981874;3991.294573;4567.575571;4398.951887;4303.720804;4423.416087;3883.328841;540.0872465;1.139078422;1.22046935
gene-LOC117891037;2.36E-10;2.88E-08;5.85950531;1.04324625;4.980990862;19.43251294;10.13570402;38.44619205;22.67146967;3.961247474;18.7102222;5.723315652;5.531029924;7.042677833;3.983327917;5.97738437;14.90448364;8.518845614;9.800237876;5.519011891;4.281225985;1.775723276;0.310261286
gene-LOC117891288;0;2.93E-08;2030.31859;2850.148756;3112.12309;2426.904949;3078.720097;3573.417688;3026.347578;2664.196812;362.1507659;1.135932437;3691.409371;1486.005023;2713.642144;1823.956145;2218.638851;2925.371584;2322.655527;2630.352179;-307.6966527;0.88302074;0.777353222
gene-LOC117898607;0;2.95E-08;2648.4964;3479.226245;3517.575747;2797.202279;3711.356956;3922.550676;3477.036637;3215.099464;261.937173;1.081470939;4094.06835;3184.46416;3655.699196;2758.135931;3025.61018;3437.354205;3073.700105;3644.743902;-571.0437967;0.843324027;0.779793517
gene-LOC117900326;0;3.14E-08;4865.342576;7250.56144;5401.386491;4146.682345;6566.246922;5013.591261;5242.173509;5839.096836;-596.9233264;0.897771292;6891.663286;3655.149795;4884.555859;4974.89162;4223.291901;4338.648071;4512.277198;5143.789646;-631.5124489;0.877228174;0.977117649
gene-LOC117901666;0;3.46E-08;1069.359719;949.3540879;1184.479627;913.3281082;863.2241258;999.6009934;925.3844091;1067.731145;-142.3467355;0.866682979;931.4254393;994.1913541;849.4446783;880.3833266;1042.249249;983.9266684;968.8530814;925.0204906;43.8325908;1.047385535;1.208499025
gene-LOC117896396;0;4.02E-08;3456.131549;3834.973217;3521.560539;3692.177459;4200.404675;3742.788751;3878.456961;3604.221768;274.2351932;1.076087214;4098.493174;3743.183268;3991.294573;3979.230167;3754.865272;3948.484942;3894.19346;3944.323672;-50.13021138;0.987290543;0.917481901
gene-LOC117890903;0;4.09E-08;1568.394255;1802.729521;2084.046577;1367.832994;1690.128646;1808.010113;1621.990584;1818.390117;-196.3995332;0.891992631;1933.648062;2574.098748;2254.563601;2196.2618;2480.531921;2635.730833;2437.508185;2254.10347;183.4047144;1.081364816;1.21230241
gene-LOC117895329;0;4.46E-08;156.2534749;164.8329076;96.63122272;96.08298065;98.82311421;77.93147038;90.94585508;139.2392017;-48.29334666;0.653162715;163.7184858;102.1188286;76.67906241;82.82946913;117.1066572;90.29976351;96.74529661;114.1721256;-17.42682897;0.847363541;1.297323808
gene-LOC117894839;0;4.55E-08;1570.347423;1591.993778;1188.46442;1159.473272;1343.825425;1016.226374;1173.175024;1450.26854;-277.0935167;0.808936408;894.9206418;1092.788844;1100.394337;460.2585965;1079.510458;492.3892765;677.3861104;1029.367941;-351.9818305;0.658060236;0.813488217
gene-LOC117903409;0;4.64E-08;2133.836517;2383.817682;2170.715818;1870.919163;1962.948012;1984.654779;1939.507318;2229.456672;-289.9493544;0.869946181;2216.836794;2301.781872;2535.388219;2635.172595;2731.778931;2710.696674;2692.5494;2351.335628;341.2137719;1.145114873;1.31630542
gene-LOC117900834;0;5.32E-08;16399.77878;21054.79583;22253.07477;17097.37264;22205.63823;24284.48526;21195.83204;19902.54979;1293.282246;1.064980732;21741.37243;16262.7169;23988.59655;12443.20644;17550.02949;23997.58809;17996.94134;20664.22862;-2667.287284;0.870922485;0.817782387
gene-LOC117901613;0;6.28E-08;1006.858329;1224.771098;992.2133797;873.3834983;1054.95786;868.6761232;932.3391606;1074.614269;-142.2751084;0.867603556;1434.749162;1144.435148;1147.19844;1069.09789;976.2436787;1089.560354;1044.967308;1242.127583;-197.1602758;0.841272122;0.969650385
gene-LOC117894151;0;9.59E-08;1504.916281;1726.572544;1066.928243;1363.514658;1534.714517;916.4740917;1271.567756;1432.805689;-161.2379336;0.887466992;1930.329444;1521.218412;1229.852494;1772.721422;1395.698433;961.7776698;1376.732508;1560.466783;-183.7342752;0.88225685;0.994129198
gene-LOC117900458;0;1.17E-07;2139.696022;2133.438582;2037.225263;2341.617809;2274.620911;2303.654264;2306.630995;2103.453289;203.1777058;1.09659245;2577.459945;2433.245191;2648.913065;2511.355348;2747.74802;2576.098914;2611.734094;2553.206067;58.52802691;1.022923346;0.932819979
gene-LOC117891944;0;1.50E-07;11000.24464;11669.75256;11974.30203;10385.59858;11199.95294;11581.65558;11055.7357;11548.09974;-492.3640379;0.957364064;10987.94405;10811.68425;11181.20146;10759.29187;11266.72503;12021.79493;11349.27061;10993.60992;355.6606872;1.032351583;1.078327067
gene-LOC117901678;0;1.53E-07;1078.148977;1039.073265;1039.034694;954.3523022;936.70798;861.4025193;917.4876005;1052.085645;-134.598045;0.872065506;1464.616724;1307.590518;1333.41902;1443.111369;1294.560865;1354.496453;1364.056229;1368.542087;-4.485858249;0.996722163;1.142944144
gene-LOC117892505;0;1.83E-07;4630.962364;4684.175664;4406.184516;5570.65371;5309.419623;4770.445073;5216.839469;4573.774181;643.0652873;1.14059839;5333.019053;6021.489547;6332.495556;6311.263983;5659.445361;6850.003758;6273.571034;5895.668052;377.9029819;1.064098416;0.932929965
gene-LOC117902551;0;1.96E-07;14763.02363;17625.6454;20106.26771;13360.93223;15688.38054;19152.43816;16067.25031;17498.31225;-1431.061937;0.918217145;13979.12503;15809.63795;15074.9045;13531.09039;13966.56578;16766.79194;14754.81604;14954.55583;-199.7397934;0.986643549;1.074520939
gene-LOC117903346;0;2.91E-07;1778.359862;2131.35209;1956.533211;1624.773999;1938.453394;1760.212144;1774.479846;1955.415054;-180.9352083;0.907469666;1472.360166;1189.038774;1479.806321;1233.902916;1526.644968;1761.697273;1507.415052;1380.401754;127.0132986;1.092011835;1.20335905
gene-LOC117890653;0;3.12E-07;2334.036282;2855.364987;2645.902346;2537.022523;3065.205825;2887.620749;2829.949699;2611.767872;218.1818271;1.083537986;2586.309593;3116.384941;3022.350057;3209.001495;3125.683141;3203.085951;3179.256862;2908.348197;270.9086654;1.093148635;1.008869693
gene-LOC117902338;7.05E-236;3.21E-07;363.2893292;671.8505853;812.8977087;320.6364635;538.0369551;690.9923707;516.5552631;616.0125411;-99.45727794;0.838546667;527.6602548;343.9174342;613.4324993;668.6131374;694.1230954;764.9923361;709.2428563;495.0033961;214.2394603;1.432804021;1.708675352
gene-LOC117893621;0;3.28E-07;1136.74403;1440.723072;1395.673639;982.4214876;1262.739793;1285.349718;1176.836999;1324.380247;-147.5432477;0.888594497;1511.077375;1118.611996;1242.79831;1321.855858;1243.459778;1229.269422;1264.861686;1290.829227;-25.96754099;0.979883055;1.102733652
gene-LOC117903621;0;3.43E-07;135.7452064;116.84358;104.6008081;84.20755608;69.26064415;78.97055665;77.47958562;119.0631982;-41.58361254;0.65074336;88.49647879;116.2041842;131.4498213;154.5580816;150.1094424;103.0780319;135.9151853;112.0501614;23.86502387;1.212985181;1.86399932
gene-LOC117894684;0;3.92E-07;384.774182;260.8115626;258.0153266;475.016983;320.1193187;389.6573519;394.9312179;301.2003571;93.73086076;1.311191068;519.9168129;677.2708516;561.6492363;613.9627661;591.9209219;700.2491095;635.3775991;586.2789669;49.09863219;1.083746194;0.826535675
gene-LOC117903827;0;4.21E-07;5588.014898;4391.023468;4091.385894;6187.096203;4787.430866;4251.941024;5075.489365;4690.14142;385.3479447;1.082161263;7208.038197;5647.053842;5563.713268;5431.734569;5580.664519;5378.799121;5463.732736;6139.601769;-675.8690334;0.88991647;0.822351068
gene-LOC117900926;0;4.50E-07;3719.809288;3118.263042;2608.046815;4615.221823;4889.632548;5123.734406;4876.196259;3148.706382;1727.489877;1.548634794;466.8189256;143.2011159;232.0288512;600.3001732;433.2946316;153.339221;395.6446753;280.6829642;114.9617111;1.409578513;0.910207183
gene-LOC117891771;0;4.87E-07;2165.087212;2577.861485;2323.134138;2403.1541;2836.307842;2437.696393;2559.052779;2355.360945;203.6918336;1.086480093;2527.680675;3016.613672;3106.995775;3297.808348;3217.239255;3126.41634;3213.821315;2883.763374;330.0579404;1.114453892;1.02574718
gene-LOC117895433;0;4.89E-07;7579.270119;7476.945877;6578.89273;8911.966351;7991.157979;7720.410999;8207.84511;7211.702909;996.1422011;1.138128569;10846.34968;9821.014238;11626.33836;10110.31871;9675.139097;11084.72191;10290.05991;10764.56743;-474.5075205;0.955919499;0.83990467
gene-LOC117894537;0;4.95E-07;544.9339939;678.1100628;800.9433306;485.8128235;496.6494971;622.4126768;534.9583324;674.6624624;-139.70413;0.792927371;393.8093306;575.152023;618.4116592;489.2916063;625.988313;738.5839147;617.9546114;529.1243376;88.83027377;1.167881663;1.472873439
gene-LOC117894314;0;5.11E-07;832.0497541;787.6509191;698.3349188;696.3317137;657.9761194;633.8426257;662.7168196;772.6785307;-109.961711;0.857687632;772.1317774;834.5573232;842.4738545;637.8723035;805.9067227;776.0668354;739.9486206;816.3876517;-76.43903114;0.906369197;1.056759085
gene-LOC117894853;0;5.35E-07;498.0579514;516.406894;578.7911381;368.1381618;358.9728508;499.8004967;408.9705031;531.0853278;-122.1148247;0.770065527;425.8893042;359.1765695;379.4119841;432.0794988;472.6850527;541.798581;482.1877108;388.1592859;94.02842492;1.242241854;1.613163827
gene-LOC117890750;0;5.84E-07;516.6130515;533.098834;448.2891776;437.2315412;437.5245569;361.6020226;412.1193736;499.3336877;-87.21431413;0.825338614;384.9596827;320.4418414;258.9163146;350.9578538;337.4800939;280.2700207;322.9026561;321.4392796;1.463376548;1.004552575;1.217139921
gene-LOC117898469;0;5.94E-07;2477.594162;2868.927189;2412.791973;2720.551812;3158.961087;2514.588778;2798.033892;2586.437775;211.5961173;1.081809862;3703.577637;3669.235151;3978.348757;3877.614632;3726.120911;3407.538246;3670.424596;3783.720515;-113.2959189;0.970057006;0.896698247
gene-LOC117892110;0;6.12E-07;1349.63939;1581.561316;1459.430323;1482.268904;1777.971414;1610.583721;1623.608013;1463.543676;160.0643369;1.109367653;2140.508581;1916.78215;2313.317688;2075.860201;1994.00699;1889.479957;1986.449049;2123.53614;-137.0870902;0.935443957;0.843222672
gene-LOC117896505;0;7.18E-07;1597.691781;1853.848587;1564.031131;2113.825574;2038.965792;2089.602492;2080.797953;1671.857166;408.9407867;1.244602706;2027.67557;2405.07448;2302.363536;2474.637129;2382.588171;2863.184011;2573.46977;2245.037862;328.4319083;1.146292369;0.921010668
gene-LOC117894353;0;7.54E-07;747.0869271;510.1474165;536.9508149;469.6190627;413.0299389;409.3999911;430.6829976;598.0617195;-167.3787219;0.720131357;569.6960822;523.5057189;556.6700764;629.333183;582.3394681;631.24646;614.3063704;549.9572925;64.34907785;1.117007409;1.551116193
gene-LOC117896003;0;9.28E-07;526.3788937;598.8233477;475.1865282;357.3423213;339.5460847;414.5954224;370.4946095;533.4629232;-162.9683137;0.69450864;293.144586;396.7375179;351.5286887;211.7701891;322.5756103;234.2682544;256.2046846;347.1369309;-90.93224627;0.738050786;1.062694894
gene-LOC117894568;0;9.41E-07;25391.18968;35913.75217;38259.98701;24424.5096;33478.23038;34628.58909;30843.77636;33188.30962;-2344.533261;0.929356653;36980.46607;23226.75149;35530.28919;22328.94627;28463.30534;32890.41103;27894.22088;31912.50225;-4018.281373;0.874084416;0.940526344
gene-LOC117892143;1.45E-268;9.55E-07;2446.343467;1142.354644;1102.791377;2038.254691;934.174054;1030.773582;1334.400775;1563.829829;-229.429054;0.853290269;2294.271213;1503.611717;1353.33566;1424.325304;1426.572006;891.0712512;1247.322854;1717.072863;-469.7500095;0.726423951;0.851321031
gene-LOC117900170;0;9.58E-07;1489.290933;1650.415568;1651.69657;1685.230706;1801.62139;1796.580164;1761.144086;1597.134357;164.0097294;1.102690001;1637.184858;2187.925247;2068.343021;2013.524621;2023.815958;2237.900743;2091.747107;1964.484375;127.262732;1.064781748;0.965622021
gene-LOC117897319;0;1.10E-06;494.1516145;670.807339;640.5554248;408.0827718;550.7065852;565.2629318;508.0174296;601.8381261;-93.82069654;0.844109749;669.2546208;458.9478388;490.9451658;455.1351242;415.1963301;423.386627;431.2393604;539.7158751;-108.4765147;0.799011814;0.946573375
gene-LOC117897798;0;1.12E-06;1427.766127;874.2403578;974.2818126;1274.988766;809.1670377;809.4482057;964.5346697;1092.096099;-127.5614295;0.883195783;1292.04859;873.2920513;872.3488139;964.0667078;1009.246464;883.4042902;952.2391539;1012.563152;-60.32399789;0.940424459;1.06479727
gene-LOC117897767;0;1.17E-06;1209.011262;1272.760426;1661.658552;1298.739615;1554.985925;2000.241073;1617.988871;1381.143413;236.8454579;1.171485058;1130.542517;670.2281738;948.0320443;585.7836683;630.2467369;1184.11954;800.0499819;916.2675782;-116.2175963;0.873161946;0.745346209
gene-LOC117895461;0;1.44E-06;3291.088816;4680.002679;5541.850433;4103.498983;5303.507129;6100.475501;5169.160538;4504.313976;664.8465616;1.14760218;4587.436219;2231.355093;5904.287805;3003.20869;3318.376823;5020.15572;3780.580411;4241.026373;-460.4459616;0.891430536;0.776776614
gene-LOC117890818;0;1.46E-06;1994.184974;2206.46582;1846.951412;1530.850186;1754.321438;1673.967984;1653.046536;2015.867402;-362.8208659;0.820017494;1785.41646;1250.075315;1240.806646;1314.170649;1258.364262;1038.44728;1203.660731;1425.432807;-221.7720765;0.844417727;1.029755746
gene-LOC117895091;0;1.48E-06;6504.050894;6070.649931;5849.675668;8056.935782;7199.728423;6335.308999;7197.324401;6141.458831;1055.86557;1.171924228;9685.939603;8036.869187;7846.160165;9359.730012;8081.423953;9102.386538;8847.846834;8522.989652;324.8571827;1.038115403;0.885821265
gene-LOC117903750;0;1.66E-06;2584.041842;2655.061707;2397.849001;2818.79396;2915.70419;2506.276087;2746.924746;2545.65085;201.273896;1.07906579;3625.037012;3643.411999;3815.032313;3790.515603;3291.761673;3112.786187;3398.354488;3694.493775;-296.1392868;0.919843068;0.852443916
gene-LOC117897350;0;1.71E-06;866.2302017;1090.192332;1036.046099;1045.037363;1187.566655;1294.701495;1175.768504;997.4895442;178.2789597;1.178727648;990.0543565;1430.83738;1193.006711;1211.701203;1209.392387;1390.275604;1270.456398;1204.632816;65.82358235;1.05464203;0.894729187
gene-LOC117898790;8.90E-40;1.77E-06;29.29752655;127.2760426;99.61981724;22.6712651;48.1445941;45.71979596;38.84521839;85.39779545;-46.55257706;0.454873784;111.7268045;51.64630411;109.5415177;76.85208476;60.68254055;232.5644853;123.3663702;90.9715421;32.39482809;1.356098482;2.981263219
gene-LOC117898029;0;1.79E-06;492.1984461;281.6764876;323.764406;390.8094269;238.1890445;255.6152228;294.8712314;365.8797799;-71.00854848;0.805923824;771.0255714;450.7313813;538.7451008;771.9364958;399.2272405;239.3795618;470.1810994;586.8340179;-116.6529185;0.801216503;0.994159098
gene-LOC117899043;0;1.98E-06;7354.655749;9915.012364;8651.981127;9853.363645;11540.34367;9910.80486;10434.83739;8640.549747;1794.287645;1.207658968;12810.97151;14475.05051;15963.18663;15004.08868;14760.76184;16642.41679;15469.0891;14416.40288;1052.686222;1.073020034;0.888512454
gene-LOC117900322;0;1.99E-06;5805.793178;5375.847928;5685.30297;5033.020852;5172.587619;4866.04101;5023.88316;5622.314692;-598.4315318;0.89356136;6101.832212;6296.153983;6796.553259;7381.215786;6775.152422;6894.301755;7016.889988;6398.179818;618.7101697;1.096700966;1.227337053
gene-LOC117892069;0;2.10E-06;1266.629731;1071.413899;976.2742089;1486.58724;1169.829172;1055.711652;1237.376022;1104.772613;132.6034084;1.120027784;1340.721654;1422.620922;1248.773302;1546.434728;1370.147889;1391.127489;1435.903369;1337.371959;98.53140931;1.073675396;0.958614966
gene-LOC117902462;0;2.21E-06;1914.105068;1942.524518;1875.841159;2079.278885;2060.081842;2111.423304;2083.594677;1910.823582;172.7710954;1.090417084;3250.033184;2560.013392;2802.27119;2533.557061;2617.866091;2891.296201;2680.906451;2870.772589;-189.8661372;0.933862355;0.856426747
gene-LOC117895370;0;2.23E-06;1024.436845;944.1378566;1033.057505;831.2797202;905.4562259;842.6989664;859.8116375;1000.544069;-140.7324313;0.859344095;1095.143925;1074.008369;1029.690267;1156.19692;1037.990825;902.9976351;1032.395127;1066.280854;-33.88572706;0.968220636;1.126697259
gene-LOC117892971;0;2.33E-06;1882.854373;1897.66493;1917.681482;2004.787585;2145.390685;2063.625336;2071.267868;1899.400261;171.867607;1.090485197;2516.618616;2655.089543;3051.229185;2655.666485;2508.211676;2594.840374;2586.239512;2740.979114;-154.7396028;0.943545866;0.865253255
gene-LOC117903161;0;2.84E-06;2237.354444;1549.220682;1682.578713;2453.894551;1674.92509;1841.260873;1990.026838;1823.05128;166.9755582;1.091591257;1792.053695;1942.605302;1488.768809;1948.627305;1948.228933;1863.071536;1919.975925;1741.142602;178.8333224;1.102710325;1.010186109
gene-LOC117897255;0;3.33E-06;557.6295887;608.212564;707.3007024;809.6880392;825.2152358;792.8228253;809.2420334;624.3809517;184.8610817;1.296070982;1042.046038;855.6853567;1108.360993;1093.007428;770.7747256;992.445514;952.0758891;1002.030796;-49.95490668;0.950146336;0.733097453
gene-LOC117900080;0;3.47E-06;7992.365243;7143.107077;7850.041598;6577.90563;6757.136014;6731.200868;6688.747504;7661.837973;-973.0904684;0.872995165;6991.221824;7471.107401;6066.608418;6220.749306;6763.441756;7422.470183;6802.220415;6842.979214;-40.75879929;0.994043706;1.13865889
gene-LOC117891850;0;3.90E-06;61.52480576;90.76242379;76.70725927;113.3563255;106.4248922;125.7294389;115.1702189;76.33149627;38.83872259;1.508816471;74.11580099;111.5090657;91.6165421;90.51467761;113.9128393;134.5977607;113.0084259;92.41380292;20.59462294;1.222852239;0.810471162
gene-LOC117898767;0;4.91E-06;3379.95798;3480.269491;3523.552936;3247.388829;3280.589535;3207.659321;3245.212562;3461.260136;-216.047574;0.937581238;4408.23085;3679.799168;3901.669695;3952.758893;3906.039321;3951.040596;3936.612936;3996.566571;-59.95363428;0.984998715;1.05057426
gene-LOC117889641;0;5.14E-06;1222.683441;1232.073822;1366.783892;1660.400272;1471.366367;1506.675094;1546.147244;1273.847052;272.3001926;1.213762078;2091.835517;1819.35844;1868.180793;1186.083842;1587.327508;1828.144269;1533.851873;1926.45825;-392.6063775;0.796203018;0.655979481
gene-LOC117891538;0;5.19E-06;1022.483677;572.7421915;560.859571;739.5150758;422.3210009;501.8786692;554.571582;718.6951464;-164.1235644;0.771636743;625.0063814;579.8471416;601.4825155;625.0636227;509.9462618;568.2070024;567.7389623;602.1120128;-34.3730505;0.942912532;1.221964273
gene-LOC117891066;0;5.21E-06;3700.277603;3607.545534;3629.149942;3351.028898;3512.021443;3410.281144;3424.443828;3645.657693;-221.2138646;0.939321274;4830.801536;3875.820367;3881.753055;4074.868317;4002.918464;3951.89248;4009.893087;4196.124986;-186.2318991;0.955618124;1.017349602
gene-LOC117891276;0;5.51E-06;21804.19584;25778.61485;28052.94053;24396.44041;29539.66473;29419.64961;27785.25158;25211.91708;2573.334509;1.102068181;26546.73122;31280.05359;33957.87049;40257.68374;35852.73541;34381.20901;36830.54272;30594.8851;6235.657613;1.203813729;1.092322371
gene-LOC117898014;0;5.57E-06;1236.35562;1148.614122;1021.103127;1020.206929;992.4543521;954.9202837;989.1938551;1135.357623;-146.1637679;0.871261913;1034.302596;755.9140874;719.986521;870.990294;1052.895309;925.1466337;949.6774122;836.7344014;112.9430107;1.134980719;1.302686025
gene-LOC117895787;0;5.79E-06;1883.830957;2155.346753;2364.974461;1681.991953;1966.32658;2252.739037;1967.01919;2134.717391;-167.6982004;0.921442435;2013.294892;1981.34003;2323.276008;1666.836327;2137.728797;3019.078886;2274.548003;2105.97031;168.5776931;1.080047516;1.172126956
gene-LOC117895294;0;6.87E-06;1262.723394;1343.701171;1264.175481;1466.075143;1453.628885;1357.046671;1425.583566;1290.200015;135.3835511;1.104932219;1917.054972;1937.910184;2226.680306;1893.123021;1626.717929;1713.139853;1744.326934;2027.215154;-282.8882192;0.860454763;0.778739861
gene-LOC117895964;0;6.91E-06;737.3210849;993.1704304;913.5137241;686.6154572;798.1866917;748.1421156;744.3147549;881.3350798;-137.0203249;0.844530953;721.2463021;568.1093452;640.3199627;598.5923491;723.9320627;620.1719607;647.5654575;643.2252033;4.340254164;1.006747643;1.192079035
gene-LOC117898443;0;6.96E-06;1502.963112;1569.042361;1615.833436;1307.376287;1489.948491;1465.111643;1420.812141;1562.612969;-141.8008289;0.90925403;1629.441416;1764.190797;1841.29333;1755.643181;1826.863852;1624.543859;1735.683631;1744.975181;-9.291550273;0.994675254;1.093946488
gene-LOC117901194;0;7.39E-06;1594.762029;1967.562428;1857.909591;1436.926374;1770.369636;1756.055799;1654.450603;1806.744683;-152.29408;0.915708024;2354.006336;2777.162625;2177.884539;2514.770996;2469.885861;2536.060339;2506.905732;2436.351167;70.55456539;1.028959112;1.123675981
gene-LOC117891569;0;8.20E-06;406.2590348;461.1148427;394.4944763;487.9719916;516.9209051;491.4878065;498.7935677;420.6227846;78.17078315;1.185845337;523.2354308;541.1124135;537.7492688;520.8863523;585.533286;640.6171902;582.3456095;534.0323711;48.31323844;1.090468745;0.9195708
gene-LOC117897553;0;9.44E-06;1520.541628;1292.582104;1496.289655;1428.289701;1173.20774;1306.131444;1302.542962;1436.471129;-133.9281673;0.906765848;1575.237322;1454.312972;1419.060571;1632.679845;1628.847141;1551.281786;1604.269591;1482.870288;121.3993024;1.081867783;1.193106009
gene-LOC117894362;1.41E-258;1.00E-05;1080.102146;486.1527527;562.8519674;756.7884206;364.8853448;498.7614104;540.1450586;709.7022885;-169.5572299;0.761086821;686.9539166;570.4569045;497.9159897;569.5593393;580.2102561;494.0930456;547.9542137;585.1089369;-37.15472322;0.936499477;1.230476539
gene-LOC117900309;0;1.02E-05;1064.476798;1119.403227;1143.635502;982.4214876;986.5418581;1007.913684;992.2923431;1109.171842;-116.8794991;0.894624535;1407.094013;1294.678942;1374.248131;1261.228102;1263.687292;1058.89251;1194.602635;1358.673695;-164.0710607;0.879241748;0.982805315
gene-LOC117899065;0;1.02E-05;544.9339939;905.5377454;1024.091721;475.016983;740.7510356;715.9304412;643.8994866;824.8544868;-180.9550002;0.780621912;1056.426716;626.7983271;1495.739633;281.7909775;1004.98804;1160.266773;815.68193;1059.654892;-243.9729618;0.769761869;0.98608796
gene-LOC117900083;0;1.10E-05;702.164053;579.001669;757.110611;485.8128235;448.504903;662.9370414;532.4182559;679.4254443;-147.0071884;0.78363014;711.2904483;564.5880063;720.982353;627.6253589;656.8618863;573.3183098;619.2685183;665.6202692;-46.35175084;0.930363072;1.187247688
gene-LOC117894766;0;1.24E-05;898.4574809;705.2344653;768.0687909;762.1863409;621.6565133;695.1487158;692.99719;790.5869124;-97.58972237;0.876560412;861.7344622;649.1001403;772.7656159;689.1070267;679.2186118;747.9546449;705.4267611;761.2000728;-55.77331167;0.92672976;1.05723433
gene-LOC117895917;0;1.26E-05;339.851308;292.1089501;279.9316864;550.5878666;389.3799628;614.0999866;518.0226054;303.9639815;214.0586238;1.704223648;196.9046653;208.9327757;237.0080111;395.3612805;226.7610726;273.4549442;298.5257658;214.2818174;84.2439484;1.393145575;0.817466403
gene-LOC117898203;0;1.36E-05;3545.977297;3876.703067;4142.192001;3753.71375;4533.193624;4547.041525;4277.982966;3854.957455;423.0255114;1.109735455;5104.034414;4112.923854;4040.09034;4586.361636;4139.188029;4009.82063;4245.123432;4419.016203;-173.8927709;0.960648985;0.865655847
gene-LOC117903196;0;1.36E-05;1205.104925;1498.101616;1429.544377;1137.881591;1293.146905;1315.48322;1248.837239;1377.583639;-128.7464009;0.906541863;1429.218132;1631.553698;1936.8932;1271.475047;1490.448364;1466.945215;1409.622875;1665.888343;-256.2654681;0.846168881;0.933402985
gene-LOC117902839;6.17E-44;1.42E-05;2.929752655;4.172985002;4.980990862;3.238752157;0;3.117258815;2.118670324;4.027909506;-1.909239182;0.525997498;2.21241197;8.216457472;5.974991876;5.123472318;4.258423898;5.111307368;4.831067861;5.467953772;-0.636885911;0.883523904;1.679711227
gene-LOC117902358;0;1.44E-05;465.8306722;585.2611465;756.1144128;547.3491145;706.9653555;825.0344997;693.1163232;602.4020772;90.71424609;1.150587539;426.9955102;347.4387731;484.9701739;281.7909775;354.5137895;489.8336228;375.3794633;419.8014857;-44.42202246;0.894183265;0.777153615
gene-LOC117891219;0;1.57E-05;1303.739932;976.4784904;1030.06891;1069.867796;889.4080279;772.0410999;910.4389745;1103.429111;-192.9901362;0.825099651;1524.351847;1090.441284;1313.502381;1490.076532;996.4711922;1223.30623;1236.617985;1309.431837;-72.81385253;0.944392789;1.144580279
gene-LOC117895844;0;1.88E-05;4851.670397;4667.483724;4294.610321;5557.698701;4975.786033;4560.549647;5031.344793;4604.588147;426.7566459;1.092680742;5555.366456;5608.319114;6278.72063;5804.040224;5117.56092;5993.007889;5638.203011;5814.1354;-175.9323889;0.969740576;0.887487569
gene-LOC117899358;0;1.96E-05;4888.780597;3979.984445;2634.944166;3899.457597;3330.423413;2459.517205;3229.799405;3834.569736;-604.7703312;0.842284696;3755.569319;4645.81981;2685.758848;4960.375115;3418.449784;2707.289136;3695.371345;3695.715992;-0.344647096;0.999906744;1.187136308
gene-LOC117892608;0;1.99E-05;13529.59776;12623.27963;11157.41953;15331.17313;13134.18313;12410.84643;13625.40089;12436.76564;1188.635254;1.095574307;16085.34123;16277.97603;16151.39887;17336.1225;15741.26394;17371.62998;16816.3388;16171.57204;644.7667617;1.039870382;0.949155503
gene-LOC117899034;0;2.00E-05;1007.834913;1468.890721;1627.787814;935.9993733;1349.737919;1441.212659;1242.31665;1368.171149;-125.8544989;0.908012606;1298.685826;1584.602512;1601.297823;1330.394978;1539.420239;1609.209936;1493.008385;1494.862054;-1.853669063;0.998759973;1.099940647
gene-LOC117901760;0;2.03E-05;2100.632654;2789.640474;2973.651545;2233.659404;3298.327017;3262.730893;2931.572438;2621.308224;310.2642141;1.118362355;2424.803519;1872.178524;2867.9961;1410.662711;2212.251215;3119.601264;2247.505063;2388.326048;-140.8209842;0.941037789;0.841442655
gene-LOC117900846;0;2.19E-05;296.8816024;286.8927189;349.6655585;367.0585778;362.3514188;396.9309558;375.4469841;311.1466266;64.30035753;1.206656129;612.8381156;583.3684805;607.4575074;599.4462612;570.6288024;710.4717242;626.8489292;601.2213678;25.62756142;1.042625833;0.864062103
gene-LOC117892707;0;2.26E-05;3109.444151;3493.831693;3234.655466;4067.872709;3699.531968;3746.945096;3838.116591;3279.310437;558.8061543;1.170403554;3930.349864;4038.975737;4855.676731;4168.798642;3897.522473;5179.458133;4415.25975;4275.000777;140.258972;1.03280911;0.88243846
gene-LOC117891694;0;2.46E-05;2741.271901;2912.743531;2872.039331;3103.80415;3017.06123;3018.545619;3046.470333;2842.018254;204.452079;1.071939045;3086.314698;3427.436545;3756.278226;3419.917772;3802.772541;3769.589184;3664.093166;3423.343156;240.7500094;1.070325994;0.998495202
gene-LOC117902257;0;2.52E-05;156.2534749;193.0005563;211.1940125;180.2905367;235.6551185;295.1005012;237.0153855;186.8160146;50.19937086;1.268710212;151.5502199;190.1523015;204.1455558;204.9388927;209.727377;200.1928719;204.9530472;181.9493591;23.00368815;1.126429069;0.887853711
gene-LOC117902001;0;2.53E-05;1202.175173;693.7587565;730.2132604;1038.559858;527.9012511;666.0543002;744.1718032;875.3823966;-131.2105934;0.850110542;547.5719625;542.2861931;548.7034206;811.2164503;556.7889247;566.5032333;644.8362028;546.1871921;98.64901069;1.180613922;1.388776946
gene-LOC117901354;0;2.71E-05;1031.272935;1590.950532;1512.228826;927.3627009;1402.105723;1431.860882;1253.776435;1378.150764;-124.3743286;0.909752741;1773.248194;1299.37406;1531.589584;1370.528845;1074.187428;1045.262357;1163.32621;1534.737279;-371.4110693;0.757996972;0.833190094
gene-LOC117896559;0;2.73E-05;1209.987847;1409.425684;1346.859929;1336.525057;1529.646665;1482.77611;1449.649277;1322.091153;127.5581239;1.096482095;1505.546345;1706.675595;1452.918858;1538.749519;1611.813445;1610.913706;1587.15889;1555.046933;32.11195748;1.020650153;0.930840693
gene-LOC117890238;0;3.07E-05;2287.160239;2069.800561;1758.289774;2462.531223;2182.554933;2029.335489;2224.807215;2038.416858;186.3903567;1.091438783;2575.247533;2386.294006;2309.33436;2210.778305;2083.433892;2120.340673;2138.18429;2423.625299;-285.4410093;0.882225603;0.808314324
gene-LOC117897386;0;3.16E-05;3516.67977;3414.544978;3077.256154;3386.655172;3140.378963;2901.128871;3142.721002;3336.160301;-193.4392991;0.942017385;4377.257082;4508.487593;3864.823912;4419.848786;4021.016766;3618.805617;4019.89039;4250.189529;-230.2991393;0.945814384;1.00403071
gene-LOC117896755;0;3.16E-05;6018.688538;5117.122858;4696.078185;5716.397557;4971.562823;4411.96031;5033.306896;5277.296527;-243.9896306;0.95376617;5258.903252;5267.923019;5309.776114;5673.39168;5669.026815;5683.773794;5675.397429;5278.867462;396.5299677;1.075116485;1.127232773
gene-LOC117894347;0;3.17E-05;4963.000998;4915.776332;4256.754791;5896.688093;5186.946533;5012.552175;5365.3956;4711.84404;653.5515603;1.138703988;6778.830275;5529.675878;5949.100244;5950.059185;5463.557861;6517.768779;5977.128608;6085.868799;-108.7401909;0.982132347;0.862500138
gene-LOC117892190;0;3.31E-05;1106.469919;1284.236134;1311.992993;1394.822596;1380.145031;1538.886768;1437.951465;1234.233016;203.7184494;1.165056717;1118.374251;1399.145329;1460.885514;1540.457343;1360.566435;1679.916355;1526.980045;1326.135031;200.8450134;1.151451405;0.988322189
gene-LOC117890883;0;3.33E-05;1753.945256;1985.297615;1824.038854;1865.521242;2232.388811;1911.91874;2003.276264;1854.427241;148.8490229;1.080266844;1992.276979;2275.95872;2179.876203;2222.733074;2173.9254;2256.642203;2217.766892;2149.370634;68.39625863;1.031821528;0.955154306
gene-LOC117891308;0;3.39E-05;2901.431713;3369.685389;3547.461692;2763.735174;3224.843163;3257.535462;3082.037933;3272.859598;-190.821665;0.941695738;3653.798368;4096.490939;4283.073343;4069.744844;3852.809022;3903.33506;3941.962975;4011.120883;-69.15790798;0.982758458;1.043605083
gene-LOC117898322;0;3.40E-05;1664.099508;2006.16254;1701.506478;2177.521033;2191.845995;2024.140057;2131.169028;1790.589509;340.5795198;1.190205247;2844.055587;2658.610882;3087.079136;2697.508175;2514.599312;2787.366285;2666.491257;2863.248535;-196.7572776;0.931281803;0.782454795
gene-LOC117903798;0;3.43E-05;1792.032041;1381.258036;1218.350365;1993.991745;1473.055651;1321.717738;1596.255044;1463.880147;132.3748974;1.090427415;2578.566151;1892.132778;2141.038756;1935.818624;1797.054885;1677.360701;1803.411403;2203.912561;-400.5011578;0.818277202;0.750418772
gene-LOC117902309;0;3.50E-05;1074.24264;846.0727091;850.7532392;1185.383289;947.688326;954.9202837;1029.330633;923.6895295;105.6411035;1.114368627;1428.111926;1069.313251;1329.435692;1121.186525;1114.642455;1064.003817;1099.944266;1275.62029;-175.6760239;0.862281883;0.773785139
gene-LOC117890069;0;3.79E-05;16641.97167;17957.39771;16546.85164;20208.73387;18474.00986;19256.34679;19313.03017;17048.74034;2264.289836;1.132812735;19380.72885;20759.46669;21230.14197;23275.93474;21288.92567;27070.33571;23878.39871;20456.77917;3421.619535;1.167260912;1.030409418
gene-LOC117890631;0;3.82E-05;165.0427329;128.3192888;195.2548418;128.4705022;93.7552622;145.472078;122.5659475;162.8722878;-40.30634034;0.752527941;126.1074823;153.7651327;125.4748294;121.2555115;138.3987767;115.8563003;125.1701962;135.1158148;-9.945618597;0.926391899;1.231039869
gene-LOC117903011;0;4.00E-05;1436.555385;1455.328519;1232.297139;1617.21691;1561.743061;1326.913169;1501.957714;1374.727015;127.2306989;1.092549792;1776.566812;1674.983545;1822.372522;1642.072878;1526.644968;1981.48349;1716.733778;1757.974293;-41.24051443;0.976540889;0.8938182
gene-LOC117899301;0;4.01E-05;1058.617293;1855.935079;1623.803021;1894.670012;2289.824467;2252.739037;2145.744505;1512.785131;632.9593742;1.41840666;1794.266107;2251.309347;2393.980078;2160.397494;1964.198023;2657.879832;2260.825116;2146.518511;114.3066052;1.053252094;0.742560031
gene-LOC117896395;0;4.52E-05;23912.64117;24845.9527;20973.95632;24578.89012;25482.00455;22283.2051;24114.69992;23244.1834;870.5165248;1.03745094;27899.62114;26935.89515;24127.01719;29274.66691;27637.1711;27920.5165;28277.4515;26320.8445;1956.607007;1.074336787;1.035554304
gene-LOC117896651;0.437076462;4.55E-05;65.43114263;33.38388001;0;35.62627372;12.66963003;0;16.09863458;32.93834088;-16.8397063;0.488750622;44.24823939;44.60362627;0;21.34780132;21.29211949;3.407538246;15.34915302;29.61728856;-14.26813554;0.518249771;1.060356239
gene-LOC117890384;0;4.68E-05;45.89945826;63.63802128;32.87453969;89.60547634;75.17313816;89.36141937;84.71334462;47.47067308;37.24267155;1.784540625;78.54062493;45.77740591;74.68739845;95.63814993;64.94096445;72.41018772;77.6631007;66.3351431;11.3279576;1.170768571;0.656061596
gene-LOC117901237;0;4.75E-05;239.2631335;225.3411901;217.1712016;183.5292889;183.2873144;172.4883211;179.7683081;227.2585084;-47.49020026;0.791030045;150.4440139;171.3718273;143.399805;171.6363226;171.4015619;157.5986439;166.8788428;155.0718821;11.80696072;1.07613863;1.360426999
gene-LOC117898656;0;5.02E-05;1521.518212;1560.696391;1589.932283;1805.064535;1650.430472;1703.062399;1719.519135;1557.382295;162.1368401;1.104108568;1878.337762;2111.62957;2415.888382;1743.688412;2165.408552;2467.909574;2125.668846;2135.285238;-9.616391871;0.995496437;0.901629121
gene-LOC117901579;0;5.24E-05;915.0594126;910.7539766;806.9205196;997.5356643;1027.929316;909.2004878;978.2218227;877.5779696;100.6438531;1.11468366;1269.924471;1142.087589;1145.206776;1125.456086;1125.288515;1014.594513;1088.446371;1185.739612;-97.29324063;0.917947212;0.823504682
gene-LOC117896465;0;5.31E-05;4492.287405;5408.188562;4809.644776;5056.771701;5616.869312;5189.196841;5287.612618;4903.373581;384.2390369;1.078362179;6181.479043;6620.117163;5995.904347;6801.409502;6860.3209;6384.022903;6681.917768;6265.833518;416.0842504;1.066405251;0.988911956
gene-LOC117895947;0;5.59E-05;2875.063939;3099.48461;2201.597961;1992.91216;2538.149215;1937.895897;2156.319091;2725.38217;-569.0630791;0.791198796;1742.274426;2070.547283;2155.976235;819.7555708;2003.588444;999.2605905;1274.201535;1989.599315;-715.3977796;0.640431229;0.809444141
gene-LOC117892064;0;5.85E-05;3455.154965;3310.220353;2988.594517;3978.267233;3595.641002;3129.72785;3567.878695;3251.323278;316.5554168;1.097362025;3481.230234;4088.274482;4080.919451;4958.667291;4210.516629;3879.482293;4349.555404;3883.474722;466.0806819;1.120016407;1.020644402
gene-LOC117903038;0;6.17E-05;505.8706251;728.1858828;690.3653335;448.0273817;636.0154274;599.5527788;561.1985293;641.4739471;-80.27541785;0.874857867;650.4491191;642.0574624;780.7322718;563.5819549;619.6006772;862.9590607;682.0472309;691.0796178;-9.032386828;0.986930034;1.128103286
gene-LOC117903108;0;6.18E-05;2337.942619;1890.362206;1773.232747;2477.6454;2073.596114;1897.371532;2149.537682;2000.512524;149.0251584;1.074493489;3158.218087;2710.257186;3761.257386;2905.008804;2755.200262;2868.295318;2842.834795;3209.910886;-367.0760914;0.885642903;0.824242223
gene-LOC117893485;0;6.25E-05;4021.573811;3393.680053;2997.560301;3890.820924;3141.223605;2704.741565;3245.595365;3470.938055;-225.3426901;0.935077294;4516.639036;3703.27476;3536.199359;3781.12257;3911.362351;3709.957265;3800.814062;3918.704385;-117.8903231;0.969915995;1.037257562
gene-LOC117891945;0;6.34E-05;2339.895787;2410.942085;2586.130455;2782.088103;2721.43653;2652.787252;2718.770628;2445.656109;273.1145189;1.111673312;3810.879618;3056.522179;3245.416421;3226.079736;3118.230899;3338.535596;3227.615411;3370.939406;-143.3239954;0.957482476;0.861298428
gene-LOC117900034;6.67E-289;6.62E-05;1904.339226;5495.821247;3216.723899;1540.566443;3222.309237;1534.730423;2099.202034;3538.961457;-1439.759423;0.593168945;2565.291679;996.5389133;2253.567769;429.5177626;1733.178527;2053.893678;1405.529989;1938.46612;-532.9361316;0.72507328;1.222372288
gene-LOC117903019;1.72E-35;6.71E-05;17.57851593;12.518955;27.89354883;34.54668967;16.89284004;59.22791749;36.88914907;19.33033992;17.55880914;1.908354908;21.01791371;10.56401675;28.8791274;13.66259285;8.516847796;50.26118912;24.14687659;20.15368595;3.993190635;1.198136988;0.627837612
gene-LOC117894326;0;6.97E-05;401.3761138;496.5852152;521.0116442;419.9581963;586.1815492;641.1162297;549.0853251;472.990991;76.09433404;1.160879035;480.0933974;605.6702936;553.6825805;627.6253589;586.597892;655.0992277;623.1074929;546.4820905;76.62540235;1.140215761;0.982200322
gene-LOC117895538;0;7.04E-05;388.6805189;492.4122302;536.9508149;314.1589592;296.4693426;431.2208028;347.2830349;472.681188;-125.3981531;0.734708814;375.0038289;442.5149238;393.3536318;371.451743;496.1063841;425.0903961;430.8828411;403.6241282;27.25871293;1.067534895;1.453004067
gene-LOC117903144;0;7.14E-05;731.4615796;677.0668165;725.2322695;631.5566706;598.8511793;651.5070924;627.3049807;711.2535552;-83.94857446;0.88197096;814.1676049;689.008648;744.8823205;724.9713329;536.5614112;980.5191302;747.3506248;749.3528578;-2.002233027;0.99732805;1.130794659
gene-LOC117892282;0;7.18E-05;3736.41122;3192.333526;3212.739106;3463.30564;3050.002268;3070.499933;3194.602614;3380.494617;-185.8920036;0.945010413;4032.120815;3408.656071;3535.203527;3529.218515;3498.295232;3404.130707;3477.214818;3658.660137;-181.4453193;0.950406621;1.00571021
gene-LOC117899079;0;7.25E-05;1192.409331;1096.451809;844.7760502;944.6360457;1015.259686;728.3994765;896.0984028;1044.54573;-148.4473272;0.857883362;1573.02491;1508.306836;1103.381833;1868.359572;1315.852985;1059.744394;1414.652317;1394.904526;19.74779044;1.014157091;1.182161977
gene-LOC117903164;0;7.34E-05;277.349918;411.0390227;364.6085311;404.8440196;468.776311;441.6116655;438.4106654;350.9991573;87.4115081;1.249036234;446.9072179;430.7771274;380.4078161;493.5611666;441.8114794;402.9413975;446.1046812;419.3640538;26.74062738;1.06376471;0.851668416
gene-LOC117898181;0;7.60E-05;1286.161416;1042.203004;955.3540473;1129.244919;956.134746;885.3015035;990.2270561;1094.572822;-104.3457663;0.904669873;1432.53675;1084.572386;1221.885839;1099.838724;1157.226694;1036.743511;1097.93631;1246.331658;-148.3953485;0.880934302;0.973763279
gene-LOC117897087;0;7.93E-05;4643.657958;3918.432917;3240.632655;5539.345772;4368.488433;4471.188227;4793.007478;3934.241177;858.766301;1.218280035;5170.406773;4476.795542;5297.82613;4628.203327;4204.128994;4486.875985;4439.736102;4981.676149;-541.9400468;0.891213312;0.731534037
gene-LOC117892679;0;8.15E-05;171.8788224;95.97865504;133.4905551;211.5984742;125.8516583;183.9182701;173.7894675;133.7826775;40.00679001;1.299043125;182.5239875;171.3718273;230.0371872;226.286694;191.6290754;214.6749095;210.8635596;194.644334;16.21922564;1.083327499;0.833942675
gene-LOC117903110;0;8.24E-05;2601.620358;3071.316961;2699.697047;3400.689765;3300.016301;3218.050184;3306.252083;2790.878122;515.373961;1.184663729;3956.898808;4002.588568;4330.873278;4834.850044;4090.216154;5102.788523;4675.951574;4096.786885;579.1646888;1.14137047;0.963455234
gene-LOC117899162;0;8.32E-05;487.315525;584.2179002;572.8139491;609.9649895;622.5011553;662.9370414;631.8010621;548.1157914;83.68527063;1.152678087;592.9264079;741.8287317;824.5488789;864.1589976;716.4798209;865.5147144;815.3845109;719.7680062;95.61650478;1.132843505;0.982792609
gene-LOC117902204;7.52E-105;8.70E-05;480.4794354;539.3583115;1207.392185;248.304332;331.9443067;989.2101307;523.1529231;742.4099773;-219.2570541;0.704668497;215.710167;298.1400283;701.0657134;22.20171338;70.26399432;8.518845614;33.66151777;404.9719696;-371.3104518;0.083120612;0.117957042
gene-LOC117896616;0;8.76E-05;3904.383705;3467.750536;3365.157426;4554.765116;3635.339176;4008.794836;4066.299709;3579.097223;487.2024869;1.136124407;4311.990929;3918.076434;4701.322774;3723.910463;4023.145978;4362.500839;4036.519093;4310.463379;-273.944286;0.936446674;0.824246595
gene-LOC117899113;6.24E-48;8.85E-05;35.15703186;20.86492501;42.83652141;19.43251294;6.757136014;23.89898425;16.69621107;32.95282609;-16.25661503;0.506670081;16.59308977;35.21338916;27.88329542;17.93215311;23.42133144;24.70465228;22.01937894;26.56325812;-4.543879175;0.828941196;1.636057124
gene-LOC117897854;0;9.06E-05;487.315525;565.4394677;513.0420588;681.217537;723.8581955;562.145673;655.7404685;521.9323505;133.808118;1.256370616;634.9622353;767.6518838;694.0948896;740.3417499;703.7045492;860.403407;768.149902;698.9030029;69.24689914;1.099079413;0.874805093
gene-LOC117891988;0;9.08E-05;264.6543232;281.6764876;305.8328389;222.3943148;218.7622785;256.6543091;232.6036341;284.0545499;-51.45091579;0.818869595;188.0550174;139.679777;282.8162821;128.94072;122.4296871;224.0456396;158.4720156;203.5170255;-45.04500995;0.778667117;0.950904909
gene-LOC117903767;0;9.39E-05;2084.030722;2167.865708;1994.388741;2258.489837;2542.372425;2112.46239;2304.441551;2082.095057;222.3464939;1.10678979;2831.887321;2779.510185;3069.15416;2885.368827;2643.416635;2949.224352;2826.003271;2893.517222;-67.51395098;0.976667168;0.882432398
gene-LOC117897867;2.52E-113;9.73E-05;115.2369378;233.6871601;144.448735;39.94460993;125.8516583;105.9867997;90.59435597;164.457611;-73.86325498;0.550867518;136.0633361;96.24993038;93.60820605;98.19988609;90.49150784;115.0044158;101.2319366;108.6404909;-7.408554287;0.931806694;1.691525935
gene-LOC117896607;0;9.76E-05;3590.900171;4353.466603;4617.378529;4051.678948;4727.461284;4781.875022;4520.338418;4187.248434;333.0899839;1.079548656;4745.623675;6008.577971;5801.717111;5612.763924;5596.633608;6033.046464;5747.481332;5518.639586;228.8417461;1.041467058;0.964724519
gene-LOC117896874;0;0.000103764;1377.960332;2680.099617;1676.601524;2294.116111;3163.184297;2242.348174;2566.549527;1911.553825;654.9957029;1.342650934;3841.853385;4544.874761;4321.91079;3931.411092;4897.187483;5413.726388;4747.441654;4236.212979;511.2286751;1.120680588;0.834677547
gene-LOC117892527;0;0.000107312;900.4106493;930.5756554;831.8254739;1102.255317;1013.570402;907.1223152;1007.649345;887.6039262;120.0454187;1.135246606;1402.669189;1099.831522;1108.360993;1007.616222;1083.768882;1139.821543;1077.068883;1203.620568;-126.5516852;0.894857492;0.788249432
gene-LOC117897844;0;0.000108627;1767.617435;1743.264484;1801.126296;1567.556044;1686.750078;1497.323318;1583.87648;1770.669405;-186.7929255;0.894507171;2287.633977;2113.977129;2252.571937;2122.825364;2146.245645;1936.333608;2068.468205;2218.061014;-149.592809;0.932556946;1.042537138
gene-LOC117897871;0;0.000110174;1881.877789;2455.801673;2268.343238;1574.033548;2319.386937;2050.117214;1981.179233;2202.007567;-220.8283339;0.899714998;1524.351847;1908.565693;2397.963406;1196.330786;2017.428322;1478.019714;1563.926274;1943.626982;-379.700708;0.80464322;0.89433123
gene-LOC117898936;0;0.000117291;2160.204291;1823.594446;1679.590119;2383.721587;2175.797797;1772.68118;2110.733521;1887.796285;222.937236;1.118093905;2351.793924;2184.403908;2258.546929;2488.299722;2269.739938;2659.583601;2472.541087;2264.91492;207.6261667;1.091670625;0.976367566
gene-LOC117898437;0;0.0001234;3086.00613;3109.917072;3675.971256;2929.991118;2927.529178;3217.011097;3024.843798;3290.631486;-265.7876884;0.919228972;3542.071564;3844.128317;4259.173376;3525.802867;3915.620774;4114.602432;3852.008691;3881.791085;-29.78239453;0.992327667;1.079521748
gene-LOC117895604;6.61E-172;0.000129752;245.1226388;239.9466376;491.125699;264.4980928;279.5765026;608.9045552;384.3263835;325.3983251;58.92805841;1.18109515;267.7018483;208.9327757;307.7120816;91.36858966;184.1768336;336.4944017;204.013275;261.4489019;-57.43562688;0.780317965;0.660673245
gene-LOC117890134;0;0.000130576;59.57163732;52.16231252;64.7528812;77.73005176;85.30884218;93.51776445;85.51888613;58.82894368;26.68994245;1.453687263;59.73512318;63.3841005;62.7374147;70.87470039;55.35951068;63.8913421;63.37518439;61.95221279;1.4229716;1.022968858;0.703706281
gene-LOC117902661;0;0.000133302;372.0785872;292.1089501;215.1788052;473.9373989;312.5175407;260.8106542;349.0885313;293.1221142;55.96641708;1.190932087;487.8368393;419.0393311;399.3286237;454.2812122;443.9406914;412.3121277;436.8446771;435.401598;1.443079062;1.003314363;0.842461442
gene-LOC117893563;0;0.000133741;238.2865493;200.3032801;205.2168235;278.5326855;243.2568965;267.0451718;262.9449179;214.6022176;48.34270032;1.225266546;110.6205985;120.8993028;169.2914365;107.5929187;183.1122276;163.5618358;151.4223274;133.6037793;17.81854811;1.133368593;0.924997583
gene-LOC117896707;0;0.000143508;2407.280098;2080.233023;1867.871573;1876.317083;1664.789386;1752.93854;1764.68167;2118.461565;-353.7798954;0.833001504;1698.026187;1476.614786;1411.093915;1253.542894;1893.934029;1193.490271;1446.989064;1528.578296;-81.58923137;0.946624107;1.136401438
gene-LOC117899585;0;0.000144596;64.45455841;68.85425253;53.79470131;51.82003451;38.00889008;30.13350188;39.98747549;62.36783742;-22.38036193;0.641155396;51.99168129;65.73165977;77.67489439;65.75122808;75.58702419;85.18845614;75.5089028;65.13274515;10.37615765;1.159307851;1.808154245
gene-LOC117890503;0;0.000145094;1691.443866;2025.984218;1781.202332;2042.573027;2171.574587;1943.091328;2052.412981;1832.876806;219.536175;1.119776831;2643.832304;2536.537799;2792.31287;2607.84741;2571.023429;2776.291786;2651.720875;2657.560991;-5.840116489;0.997802453;0.8910726
gene-LOC117894984;0;0.000147873;326.1791289;395.3903289;342.6921713;277.4531014;309.9836147;308.6086227;298.6817796;354.7538764;-56.07209678;0.841940848;294.250792;341.5698749;254.9329867;204.0849806;238.4717383;207.0079484;216.5215558;296.9178845;-80.39632873;0.729230427;0.866130238
gene-LOC117899109;0;0.000155798;1673.86535;1649.372322;1669.628137;1431.528453;1600.596593;1451.603522;1494.576189;1664.288603;-169.7124136;0.898027053;1655.990359;1697.285358;1513.664609;1724.048435;1837.509912;1509.539443;1690.36593;1622.313442;68.05248805;1.041947805;1.16026327
gene-LOC117893667;0;0.000160299;160.1598118;132.4922738;181.3080674;124.152166;103.0463242;137.1593879;121.452626;157.9867177;-36.53409163;0.768752132;188.0550174;118.5517435;169.2914365;116.1320392;137.3341707;174.6363351;142.7008483;158.6327325;-15.93188414;0.899567486;1.170165842
gene-LOC117892357;0;0.000162403;4045.988417;4352.423357;3946.937159;3724.56498;4249.393911;3620.176571;3864.711821;4115.116311;-250.4044901;0.939150082;5626.163639;5026.124413;5058.826455;4963.790764;4887.606029;4326.721687;4726.039493;5237.038169;-510.9986757;0.902426017;0.960896489
gene-LOC117892961;0;0.000170937;119.1432746;115.8003338;145.4449332;169.4946962;162.1712643;160.0192858;163.8950821;126.7961805;37.0989016;1.292586902;138.2757481;150.2437938;153.3581248;157.1198177;122.4296871;138.8571835;139.4688961;147.2925556;-7.823659456;0.946883538;0.732549229
gene-LOC117894381;0;0.000170989;94.72866918;76.15697628;91.65023186;116.5950776;126.6963003;113.2604036;118.8505938;87.51195911;31.33863474;1.358106881;130.5323062;113.856625;164.3122766;139.1876646;111.7836273;124.375146;125.1154793;136.2337359;-11.11825661;0.918388375;0.676226877
gene-LOC117893817;0;0.000171295;3491.288581;3743.167546;3584.321024;3760.191254;3840.587182;3778.117684;3792.965373;3606.25905;186.7063229;1.051772854;5862.89172;5395.865;6042.70845;4999.65507;4785.403856;5004.821798;4929.960241;5767.155057;-837.1948154;0.854834003;0.812755339
gene-LOC117902716;0;0.000171392;165.0427329;175.2653701;180.3118692;281.7714376;206.0926484;342.8984697;276.9208519;173.5399907;103.3808612;1.595717798;38.71720947;35.21338916;41.82494313;46.96516291;64.94096445;70.7064186;60.87084865;38.58518059;22.28566806;1.577570656;0.988627599
gene-LOC117898663;0;0.000172668;2537.165799;2024.940972;2101.978144;2111.666406;1934.230184;1786.189301;1944.02863;2221.361638;-277.3330079;0.875151797;2752.24049;2407.422039;2711.65048;2979.299153;2406.009503;2188.491438;2524.600031;2623.771003;-99.17097193;0.962202886;1.099469702
gene-LOC117898222;0;0.000175555;21949.70689;25298.72157;23599.9347;24267.96991;25959.22728;25908.5771;25378.59143;23616.12106;1762.470375;1.074629969;24684.98655;31202.58414;29156.96452;31677.57543;29375.67266;32855.48376;31302.91062;28348.1784;2954.732212;1.104230056;1.027544446
gene-LOC117902714;0;0.000178383;1315.458942;692.7155103;693.353928;1412.09594;799.0313337;859.3243467;1023.483874;900.5094601;122.9744135;1.136560935;2017.719716;2818.244913;1780.547579;2397.785045;2155.827098;2726.882481;2426.831541;2205.504069;221.327472;1.10035233;0.968141959
gene-LOC117901234;0;0.000179824;922.8720864;1097.495055;1024.091721;1340.843393;1196.857717;1175.206573;1237.635894;1014.819621;222.8162733;1.219562441;1625.016592;1366.2795;1796.480891;1303.069793;1228.555295;1650.95228;1394.192456;1595.925661;-201.7332049;0.873594861;0.716318273
gene-LOC117900043;0;0.000190283;1071.312888;775.1319641;849.757041;865.8264099;554.9297952;777.2365312;732.6642454;898.7339642;-166.0697188;0.815218156;745.5828338;778.2159005;814.5905591;741.1956619;839.9741139;687.470841;756.213539;779.4630978;-23.24955883;0.970172342;1.190076956
gene-LOC117894644;0.017804215;0.000190729;0;7.302723753;0;3.238752157;21.96069205;8.312690174;11.17071146;2.434241251;8.736470208;4.58899111;0;3.521338916;2.987495938;5.123472318;7.452241822;11.0744993;7.883404479;2.169611618;5.713792861;3.633555616;0.791798356
gene-LOC117890234;0;0.000192101;301.7645235;245.1628688;192.2662473;232.1105712;162.1712643;174.5664936;189.6161097;246.3978799;-56.78177012;0.769552522;181.4177815;212.4541146;164.3122766;210.9162771;186.3060455;186.5627189;194.5950139;186.0613909;8.533622947;1.045864555;1.359055459
gene-LOC117891956;0;0.000194552;692.3982108;1101.66804;948.3806601;602.4079012;1040.598946;830.2299311;824.4122595;914.1489705;-89.73671097;0.901835791;825.2296647;706.6153426;560.6534044;659.2201049;568.4995904;570.7626561;599.4941171;697.4994705;-98.0053534;0.859490426;0.953045372
gene-LOC117895285;0;0.000206666;125.9793642;134.5787663;108.5856008;177.0517846;148.6569923;151.7065957;159.1384575;123.0479104;36.0905471;1.293304835;80.75303689;84.51213399;77.67489439;116.9859513;110.7190214;82.63280245;103.445925;80.98002176;22.46590326;1.277425256;0.987721704
gene-LOC117898072;7.25E-21;0.000215121;7.812673747;4.172985002;0.996198172;19.43251294;10.13570402;12.46903526;14.01241741;4.32728564;9.685131767;3.238154024;3.318617955;5.868898194;1.991663959;14.5165049;8.516847796;8.518845614;10.51739944;3.726393369;6.791006068;2.82240719;0.871609926
gene-LOC117894213;0;0.000234938;636.7329104;750.094054;751.133422;541.9511942;706.1207135;601.6309513;616.5676197;712.6534621;-96.08584245;0.865171717;723.4587141;766.4781041;896.2487814;810.3625382;606.8254055;761.5847979;726.2575805;795.3951999;-69.13761933;0.913077651;1.05537159
gene-LOC117891884;0;0.000242368;3419.997933;3554.339975;3296.419752;4302.142448;3665.746288;4010.873009;3992.920582;3423.585887;569.3346948;1.166297769;4288.760603;4574.219252;5766.862992;4742.627542;4500.089454;5981.081506;5074.599501;4876.614283;197.985218;1.040598909;0.892224041
gene-LOC117898627;0;0.000248304;4885.850845;5303.863937;4519.751108;5863.220988;5572.947928;5068.662833;5501.610583;4903.155297;598.4552865;1.122055136;5277.708754;5459.2491;5335.667745;5485.531028;5524.240402;6083.307653;5697.693028;5357.541866;340.1511613;1.063490155;0.947805612
gene-LOC117894793;1.78E-79;0.00024889;15.62534749;12.518955;16.93536893;38.86502588;16.04819803;33.25076069;29.38799487;15.02655714;14.36143773;1.955737072;25.44273765;19.95425386;45.80827105;47.81907496;14.90448364;61.33568842;41.35308234;30.40175419;10.95132816;1.360220272;0.695502627
gene-LOC117901048;0.026377506;0.000254056;32.22727921;12.518955;0.996198172;12.95500863;1.689284004;1.039086272;5.227792967;15.24747746;-10.01968449;0.34286281;12.16826583;8.216457472;0.995831979;10.24694464;8.516847796;0.851884561;6.538558998;7.126851761;-0.588292764;0.917454048;2.67586341
gene-LOC117890120;0;0.000254111;4314.549077;4716.516298;3792.526442;5469.172809;5017.173491;4442.093812;4976.146704;4274.530606;701.6160979;1.164138747;8179.287052;8211.762353;7261.606793;8106.187118;8112.297526;7317.688382;7845.391009;7884.218733;-38.82772376;0.99507526;0.854773766
gene-LOC117903228;0.022799243;0.000259616;0;2.086492501;2.988594517;2.159168105;12.66963003;14.5472078;9.792001979;1.691695673;8.100306306;5.788276306;3.318617955;9.39023711;0.995831979;0.853912053;3.193817924;3.407538246;2.485089407;4.568229015;-2.083139607;0.543994051;0.093982046
gene-LOC117890679;0;0.000262697;137.6983748;101.1948863;76.70725927;90.68506039;64.19279214;70.65786648;75.178573;105.2001735;-30.02160045;0.71462404;127.2136883;59.86276158;64.72907866;100.7616222;91.55611381;74.11395684;88.8105643;83.93517616;4.875388135;1.05808516;1.48061792
gene-LOC117896958;4.71E-78;0.000270274;548.8403307;662.461369;1737.369613;282.8510217;402.8942349;1460.955298;715.5668515;982.8904375;-267.3235859;0.728023007;273.2328783;374.4357048;1001.806971;76.85208476;68.13478237;19.59334491;54.86007068;549.8251847;-494.9651141;0.099777297;0.137052395
gene-LOC117899342;2.36E-67;0.000273584;12.69559484;21.90817126;15.93917076;5.397920261;4.223210009;9.351776445;6.324302239;16.84764562;-10.52334338;0.37538196;3.318617955;12.91157603;8.962487814;10.24694464;12.77527169;4.259422807;9.093879712;8.397560598;0.696319114;1.082919213;2.884846176
gene-LOC117890998;0;0.000274112;1209.987847;1355.176879;1286.091841;1593.466061;1495.860985;1392.375604;1493.900883;1283.752189;210.1486947;1.163698801;1766.610958;1761.843238;2366.096783;1784.676191;1797.054885;2471.317113;2017.682729;1964.850326;52.83240326;1.026888767;0.882435185
gene-LOC117892315;2.55E-265;0.000274994;605.4822154;284.8062264;532.9660222;522.5186813;274.5086506;438.4944067;411.8405795;474.4181547;-62.57757515;0.868096163;758.8573056;579.8471416;855.4196702;918.809369;705.8337611;529.8721972;718.1717758;731.3747058;-13.20293005;0.98194779;1.131150939
gene-LOC117889634;2.89E-225;0.000284809;83.98624278;143.9679826;150.425924;134.9480065;168.9284004;279.5142071;194.463538;126.1267165;68.33682154;1.541810835;98.45233265;161.9815902;150.3706289;181.8832673;183.1122276;250.454061;205.149852;136.9348506;68.21500142;1.498156613;0.971686396
gene-LOC117893519;1.67E-29;0.000284873;193.3636752;40.68660377;125.5209697;139.2663427;26.18390206;102.8695409;89.43992857;119.8570829;-30.41715434;0.74622147;139.3819541;42.256067;103.5665258;119.5476874;40.45502703;119.2638386;93.08885101;95.06818231;-1.9793313;0.979179876;1.312184005
gene-LOC117897353;0;0.000294386;3251.048863;3624.237474;3664.016878;3091.928726;3517.933937;3331.310587;3313.724417;3513.101072;-199.3766549;0.943247675;5591.871253;5258.532782;5510.934173;5131.157526;4860.99088;4866.816499;4952.988302;5453.779403;-500.7911012;0.908175402;0.962817536
gene-LOC117900017;0;0.000295527;810.5649013;590.4773777;562.8519674;656.3871038;552.3958692;502.9177555;570.5669095;654.6314155;-84.06450598;0.871584981;571.9084942;640.8836828;515.8409653;512.3472318;598.3085577;519.6495824;543.435124;576.2110474;-32.77592344;0.943118197;1.082072566
gene-LOC117899823;0;0.000298248;98.63500606;123.1030575;71.72626841;56.13837072;72.63921215;63.38426257;64.05394848;97.82144401;-33.76749552;0.654804773;60.84132917;26.99693169;32.86245532;29.0330098;36.19660314;23.00088316;29.41016536;40.23357206;-10.82340669;0.730985688;1.116341416
gene-LOC117899552;5.87E-87;0.000300566;779.3142063;3622.150981;2337.080912;878.7814185;4281.490307;3364.561348;2841.611024;2246.182033;595.4289911;1.265084923;1002.222622;541.1124135;633.3491388;216.8936614;550.4012888;356.9396312;374.7448605;725.5613915;-350.816531;0.516489528;0.408264709
gene-LOC117902561;0;0.000301685;759.7825219;1126.70595;931.4452912;961.9093906;1195.168433;1159.620279;1105.566034;939.3112545;166.2547796;1.176996474;1454.66087;1482.483684;1489.764641;1584.006858;1340.338922;1535.09598;1486.480587;1475.636398;10.84418828;1.007348821;0.855863925
gene-LOC117890742;9.73E-56;0.000306707;11.71901062;7.302723753;6.973387207;25.91001725;11.82498803;22.85989798;20.19830109;8.665040527;11.53326056;2.331010573;17.69929576;14.08535567;12.94581573;14.5165049;21.29211949;21.29711403;19.03524614;14.91015572;4.125090424;1.276663135;0.547686548
gene-LOC117895199;9.35E-213;0.00030921;156.2534749;124.1463038;229.1255796;107.9584052;97.13383021;195.3482191;133.4801515;169.8417861;-36.36163462;0.785908783;99.55853864;117.3779639;197.1747319;153.7041695;84.10387199;235.9720235;157.9266883;138.0370781;19.8896102;1.144088896;1.45575278
gene-LOC117896697;0;0.00032171;8634.957659;8661.030371;8081.159574;8859.066733;9644.122377;8740.793718;9081.327609;8459.049201;622.2784076;1.073563635;10943.69581;11042.91884;10135.57789;12473.09336;12343.04167;12235.61796;12350.58433;10707.39751;1643.186815;1.153462764;1.074424213
gene-LOC117892552;2.50E-163;0.000327471;322.2727921;100.15164;199.2396345;115.5154936;81.08563217;81.04872919;92.54995165;207.2213555;-114.6714039;0.446623619;231.1970508;58.68898194;257.9204826;258.735352;227.8256786;23.00088316;169.8539713;182.6021718;-12.74820056;0.930185931;2.08270654
gene-LOC117892058;0;0.000339576;105443.7512;100236.143;102955.0887;106170.614;110090.6385;109508.2631;108589.8385;102878.3276;5711.510903;1.055517144;70580.36666;95347.29384;74765.07334;90580.42884;98685.78002;89343.94903;92870.05263;80230.91128;12639.14135;1.157534561;1.096651596
gene-LOC117896764;0;0.000350264;106.4476798;85.54619253;91.65023186;66.93421124;66.72671814;70.65786648;68.10626529;94.54803473;-26.44176945;0.720335071;85.17786083;73.94811724;80.66239032;58.0660196;80.91005407;63.03945754;67.3385104;79.92945613;-12.59094573;0.842474272;1.169558872
gene-LOC117894663;0;0.000351772;7508.956055;8035.082621;7238.37592;8483.371483;8268.200556;8142.280025;8297.950688;7594.138199;703.812489;1.092678388;9542.132825;9823.361797;8757.346426;11459.49975;10143.56573;10511.4036;10704.82303;9374.28035;1330.542677;1.141935448;1.045079192
gene-LOC117898201;0;0.000352368;1516.635291;1773.518626;1675.605326;2209.908555;1869.19275;1968.029399;2015.710235;1655.253081;360.4571536;1.217765584;2222.367824;2150.364298;2528.417395;2450.727592;1909.903118;2628.063872;2329.564861;2300.383172;29.18168827;1.012685577;0.831593199
gene-LOC117898013;7.07E-117;0.000361349;129.885701;133.5355201;73.71866476;174.8926165;190.0444504;71.69695275;145.5446732;112.379962;33.16471125;1.29511232;256.6397885;253.536402;166.3039405;82.82946913;143.7218066;197.6372182;141.3961646;225.493377;-84.09721236;0.627052406;0.484168359
gene-LOC117892329;0;0.000370058;1012.717834;1296.755089;1092.829395;1675.514449;1401.261081;1403.805553;1493.527028;1134.100773;359.4262548;1.316926206;1684.751715;1475.441006;1672.997725;1566.074705;1449.993337;1961.03826;1659.035434;1611.063482;47.9719522;1.029776575;0.781954653
gene-LOC117902565;0;0.000370165;6915.19285;7257.864164;6209.303208;8092.562056;7961.595509;6469.351128;7507.836231;6794.120074;713.7161565;1.105049094;6858.477106;7793.896802;7886.989276;9044.636465;8254.954727;8824.672171;8708.087788;7513.121061;1194.966726;1.159050642;1.048868008
gene-LOC117899052;0;0.000374048;391.6102716;363.0496951;313.8024243;512.8024248;386.0013948;414.5954224;437.7997474;356.1541303;81.64561701;1.22924237;455.7568658;424.9082292;386.382808;398.7769287;402.4210584;471.944047;424.380678;422.349301;2.031377044;1.004809709;0.817421961
gene-LOC117898906;8.55E-173;0.000379;94.72866918;160.6599226;180.3118692;66.93421124;141.8998563;127.8076114;112.213893;145.233487;-33.01959399;0.772644762;106.1957745;163.1553698;194.187236;136.6259285;141.5925946;151.6354519;143.2846583;154.5127934;-11.2281351;0.927332004;1.200204867
gene-LOC117903515;0;0.000385986;6434.713415;6284.515413;5953.280278;7423.219943;7219.999831;6145.156211;6929.458662;6224.169702;705.28896;1.113314545;9240.138592;7775.116327;8294.284556;8370.899855;7872.761182;7438.65599;7894.105676;8436.513158;-542.4074826;0.935707149;0.840469706
gene-LOC117896127;0;0.000386686;2036.178095;2049.978882;1877.833555;2526.226682;2148.769253;2265.208072;2313.401336;1987.996844;325.4044916;1.163684612;2563.079267;2666.827339;3244.420589;2428.525879;2608.284638;3062.524998;2699.778505;2824.775732;-124.9972268;0.955749681;0.821313328
gene-LOC117895012;0;0.000386894;369.1488345;310.8873826;321.7720097;324.9547997;242.4122545;281.5923796;282.986478;333.9360756;-50.94959766;0.847427093;430.3141281;388.5210604;389.3703039;377.4291274;370.4828791;390.1631291;379.3583786;402.7351642;-23.3767856;0.941954943;1.111546881
gene-LOC117899758;0;0.000388078;68.36089529;80.32996128;87.66543917;112.2767414;97.97847221;110.1431448;106.7994528;78.78543191;28.0140209;1.355573616;237.8342867;112.6828453;124.4789974;128.94072;101.1375676;115.8563003;115.3115293;158.3320432;-43.02051385;0.728289277;0.537255424
gene-LOC117889791;0;0.000405408;31.25069499;18.77843251;23.90875614;44.26294614;54.90173012;34.28984697;44.48484108;24.64596121;19.83887986;1.804954601;43.14203341;25.82315205;27.88329542;28.17909775;53.23029873;27.26030596;36.22323415;32.28282696;3.940407185;1.122058926;0.62165493
gene-LOC117897263;0;0.000410968;608.4119681;645.769429;618.639065;793.4942784;704.4314295;679.5624217;725.8293765;624.2734874;101.5558892;1.162678523;747.7952458;912.0267793;888.2821255;993.0997176;818.6819944;1118.524429;976.7687137;849.3680502;127.4006635;1.14999465;0.989090816
gene-LOC117902028;0;0.000415223;9270.713985;13030.14567;12459.45054;10547.53619;15951.90885;13098.72154;13199.38886;11586.77006;1612.618794;1.139177595;8285.482827;14374.10546;11537.70931;13879.48651;14495.67495;10338.47104;12904.54416;11399.0992;1505.444966;1.132067012;0.993758143
gene-LOC117892325;0;0.000420063;428.7204719;360.9632026;392.5020799;367.0585778;324.3425287;325.234003;338.8783698;394.0619181;-55.18354831;0.85996224;206.8605192;349.7863324;238.0038431;274.105769;359.8368194;248.7502919;294.2309601;264.8835649;29.34739524;1.110793568;1.291677141
gene-LOC117901691;0;0.000423482;675.7962791;904.4944991;746.1524311;572.1795477;818.4580997;701.3832334;697.3402936;775.4810698;-78.14077616;0.89923574;597.3512318;561.0666673;546.7117566;572.1210755;582.3394681;446.3875102;533.6160179;568.3765519;-34.76053403;0.938842421;1.044044825
gene-LOC117895229;0;0.000438099;1510.775786;1486.625907;1448.472143;1438.005958;1356.495055;1325.874083;1373.458365;1481.957945;-108.49958;0.92678633;1820.815051;1813.489542;1809.426706;1626.702461;1739.566162;1546.170479;1637.479701;1814.5771;-177.0973991;0.902402935;0.973690381
gene-LOC117895248;0;0.000444263;5486.450139;5310.123415;5065.667707;6054.307365;5698.799586;5176.727806;5643.278252;5287.413753;355.864499;1.067304076;7787.690133;6706.976856;7355.214999;7797.924867;6761.312544;7425.025837;7328.08775;7283.293996;44.79375339;1.006150205;0.942702485
gene-LOC117896278;0;0.000445527;3770.591667;3301.874383;3600.260195;3262.503006;3201.193187;3184.799423;3216.165205;3557.575415;-341.4102097;0.904032896;3389.415138;3887.558164;4033.119516;4255.04376;3799.578723;3817.29472;3957.305734;3770.030939;187.274795;1.049674604;1.161102222
gene-LOC117900213;0;0.000448029;1938.519673;2145.957537;1896.76132;2258.489837;2224.787033;2107.266959;2196.847943;1993.746177;203.1017661;1.10186942;2881.666591;2909.799725;3172.720686;2906.716628;2634.899787;3116.193726;2885.936714;2988.062334;-102.1256202;0.965822125;0.876530474
gene-LOC117889731;0;0.000450988;6685.695559;8243.731871;7086.953798;5295.359776;6827.241301;6735.357213;6285.986097;7338.793743;-1052.807646;0.85654214;6923.743259;5510.895404;6102.458369;6956.821495;6771.958604;6556.955469;6761.911856;6179.032344;582.8795119;1.094331843;1.277615884
gene-LOC117889932;0;0.000459952;2476.617578;4838.576109;3283.469176;1827.7358;3603.24278;3069.460847;2833.479809;3532.887621;-699.4078122;0.80202942;3210.209768;3018.961231;5472.096726;1681.352832;4806.695975;5273.165435;3920.404747;3900.422575;19.98217233;1.005123079;1.2532247
gene-LOC117899376;0.001634193;0.000462655;2.929752655;0;4.980990862;9.71625647;3.378568007;18.70355289;10.59945912;2.636914506;7.962544617;4.019644588;13.27447182;8.216457472;9.958319793;13.66259285;8.516847796;6.815076491;9.664839045;10.48308303;-0.818243983;0.921946246;0.22936014
gene-LOC117896308;0;0.000466227;1819.376399;1180.954755;1572.996914;1530.850186;1116.616726;1214.691852;1287.386255;1524.442689;-237.0564348;0.844496329;2205.774734;2250.135568;2322.280176;2546.365742;2348.52078;2393.795618;2429.560713;2259.396826;170.1638874;1.075313856;1.273319752
gene-LOC117900402;6.68E-177;0.000477943;288.0923444;645.769429;756.1144128;378.9340023;814.2348897;811.5263782;668.2317568;563.3253954;104.9063613;1.186226934;569.6960822;478.9020926;680.1532419;322.778756;511.0108678;804.179026;545.9895499;576.2504722;-30.26092232;0.947486512;0.798739672
gene-LOC117896065;0;0.000486456;1692.42045;1711.967097;1399.658432;1607.500654;1548.228789;1312.365961;1489.365135;1601.34866;-111.9835251;0.930069242;1857.319849;2135.105163;1643.122766;2059.635872;2079.175468;1570.023247;1902.944862;1878.515926;24.4289364;1.013004381;1.089170929
gene-LOC117898119;0;0.000500172;2070.358543;2095.881717;2178.685403;2013.424257;2017.849742;1927.505034;1986.259678;2114.975221;-128.7155431;0.939140874;3245.60836;3141.034313;3156.787374;3038.219084;2852.079406;2916.852738;2935.717076;3181.143349;-245.426273;0.922849666;0.982653073
gene-LOC117895841;0;0.000506226;3329.1756;2480.839583;2208.571348;3626.322832;2555.886697;2533.29233;2905.167286;2672.862177;232.3051091;1.086912491;3384.990314;3079.997772;3244.420589;3096.285104;3061.806783;3299.348906;3152.480264;3236.469558;-83.98929382;0.974049101;0.896161475
gene-LOC117894799;0;0.000506324;1855.510015;2119.876381;2113.932522;2557.53462;2227.320959;2415.875582;2400.24372;2029.772973;370.4707476;1.182518317;3028.791987;2531.842681;2609.079786;2963.928736;2464.562831;3077.007036;2835.166201;2723.238151;111.9280498;1.041101088;0.880410115
gene-LOC117903338;0;0.000509759;458.0179984;460.0715964;405.4526562;386.4910907;386.8460368;377.1883166;383.5084814;441.1807503;-57.67226895;0.869277458;549.7843745;349.7863324;310.6995775;294.5996583;336.415488;347.568901;326.1946824;403.4234281;-77.2287457;0.808566533;0.930159323
gene-LOC117893989;0;0.000516702;23.43802124;20.86492501;20.92016162;44.26294614;26.18390206;41.56345087;37.33676636;21.74103596;15.5957304;1.717340721;45.35444538;26.99693169;35.84995126;22.20171338;35.13199716;30.66784421;29.33385158;36.06710944;-6.73325786;0.813313072;0.473588649
gene-LOC117903120;0;0.000518363;1613.317129;1853.848587;1738.365811;1575.113132;1672.391164;1540.964941;1596.156412;1735.177176;-139.0207633;0.919880941;1948.028739;2106.934452;2232.655298;2272.259973;2028.074382;1895.443149;2065.259168;2095.87283;-30.61366171;0.985393359;1.071218367
gene-LOC117890320;0;0.000519694;2412.163019;2641.499506;2595.096239;2567.250876;2765.357914;2751.500448;2694.703079;2549.586255;145.1168244;1.056917794;3469.061969;3634.021762;3731.382426;3739.28088;3733.573153;3574.50762;3682.453884;3611.488719;70.96516515;1.019649837;0.964739021
gene-LOC117901311;3.55E-17;0.000525337;19.53168437;15.64869376;4.980990862;42.10377804;26.18390206;10.39086272;26.22618094;13.387123;12.83905794;1.959060281;80.75303689;22.30181314;11.94998375;100.7616222;29.80896729;6.815076491;45.79522201;38.33494459;7.460277414;1.194607753;0.609786112
gene-LOC117889623;5.90E-78;0.000531142;240.2397177;99.10839379;73.71866476;278.5326855;137.6766463;102.8695409;173.0262909;137.6889254;35.33736547;1.256646389;345.1362673;96.24993038;99.58319793;326.1944042;118.1712632;147.3760291;197.2472322;180.3231319;16.92410031;1.093854294;0.870455129
gene-LOC117893609;0.91115485;0.000557409;0;2.086492501;5.977189034;2.159168105;0;3.117258815;1.758808973;2.687893845;-0.929084872;0.654344656;2.21241197;1.173779639;0;0;2.129211949;1.703769123;1.277660357;1.128730536;0.148929821;1.131944531;1.729890388
gene-LOC117895524;1.30E-176;0.00056065;69.3374795;154.4004451;125.5209697;63.69545908;102.2016822;97.67410954;87.85708361;116.4196314;-28.56254781;0.754658665;84.07165485;111.5090657;138.4206451;85.39120529;140.5279886;113.3006467;113.0732802;111.3337886;1.739491647;1.015624113;1.345805938
gene-LOC117896762;0;0.000566134;7987.482322;7096.160995;7206.497579;8534.111933;7744.522514;7335.949078;7871.527842;7430.046965;441.4808765;1.059418316;8975.755361;8392.524417;7789.397742;9752.529556;8457.229862;8413.211928;8874.323782;8385.892507;488.4312753;1.0582444;0.998891924
gene-LOC117897379;0;0.000567585;2077.194632;2052.065375;2003.354525;2263.887758;2137.788907;2118.696908;2173.457857;2044.204844;129.2530135;1.063228993;2033.2066;2200.836823;2490.57578;2288.484302;2169.666976;2058.1531;2172.101459;2241.539734;-69.43827495;0.969022064;0.911395448
gene-LOC117899573;0;0.000587887;3637.776213;3384.290836;3144.001432;4155.319017;3498.507171;3399.890281;3684.572157;3388.689494;295.8826626;1.087314776;5308.682521;4704.508792;5549.771621;4595.754669;4316.977227;4739.8857;4550.872532;5187.654311;-636.7817797;0.877250537;0.806804577
gene-LOC117890708;0;0.000591832;489.2686934;553.963759;494.1142935;604.5670693;705.2760715;517.4649633;609.1027014;512.4489153;96.65378607;1.188611554;751.1138637;672.575733;750.8573124;718.1400365;662.1849162;756.4734905;712.2661477;724.8489697;-12.58282198;0.982640767;0.826713121
gene-LOC117896460;0;0.000596545;1954.145021;1884.102728;1842.966619;2425.825365;2216.340613;1926.465948;2189.543975;1893.738123;295.8058526;1.15620209;2421.484901;2413.290937;2448.750837;2427.671966;2461.369013;2519.874533;2469.638504;2427.842225;41.79627897;1.017215402;0.879790316
gene-LOC117892358;0;0.000600934;432.6268087;303.5846589;261.0039212;354.1035691;253.3926005;242.1071013;283.2010903;332.4051296;-49.20403926;0.851975692;235.6218748;244.1461649;170.2872685;184.4450034;253.3762219;172.0806814;203.3006356;216.6851027;-13.38446711;0.938230792;1.101241269
gene-LOC117889993;0;0.000632351;387.7039347;336.9685389;367.5971256;449.1069657;403.7388769;405.243646;419.3631629;364.0898664;55.27329646;1.151812235;530.9788727;313.3991636;455.0952145;436.349059;352.3845776;354.3839775;381.0392047;433.1577503;-52.11854556;0.87967768;0.763733578
gene-LOC117893522;0.310657489;0.000640168;1.953168437;73.02723753;4.980990862;1.079584052;2.533926005;0;1.204503353;26.65379894;-25.44929559;0.045190682;0;0;13.94164771;0;9.581453771;1.703769123;3.761740965;4.647215903;-0.885474939;0.809461201;17.91212623
gene-LOC117898615;0;0.000641061;856.4643595;896.1485291;888.6087698;724.4008991;865.7580518;768.9238411;786.3609307;880.4072195;-94.0462888;0.893178649;1046.470862;1162.041842;1226.864999;908.5624243;993.2773743;995.0011677;965.6136554;1145.125901;-179.5122454;0.843237983;0.944086588
gene-LOC117901825;0;0.000643232;2629.9413;2640.45626;2747.514559;2831.748969;2827.01678;2797.220243;2818.661998;2672.637373;146.0246244;1.054636901;2459.095904;3013.092333;2508.500756;2659.936045;3063.935995;2895.555624;2873.142555;2660.229664;212.9128903;1.08003553;1.024082818
gene-LOC117901859;0;0.000649725;1277.372158;1601.382994;1269.156472;1879.555835;1609.887655;1867.23803;1785.560507;1382.637208;402.923299;1.291416502;1877.231556;2017.727199;2115.147124;2034.01851;2084.498498;2504.54061;2207.685873;2003.368626;204.3172464;1.101986845;0.853316373
gene-LOC117893711;0;0.000657879;220.7080334;360.9632026;312.8062261;215.9168105;294.7800586;245.2243601;251.9737431;298.159154;-46.18541097;0.845098128;206.8605192;296.9662486;233.0246832;263.8588244;289.5728251;245.3427537;266.2581344;245.6171503;20.64098406;1.084037226;1.28273533
gene-LOC117897307;0;0.000662039;100.5881745;111.6273488;72.72246658;71.25254745;64.19279214;63.38426257;66.27653405;94.97932996;-28.7027959;0.697799554;48.67306333;68.07921905;47.79993501;55.50428344;56.42411665;66.44699579;59.45846529;54.85073913;4.607726163;1.084004814;1.553461605
gene-LOC117901033;0;0.000675128;1235.379036;1304.057813;1141.643106;1467.154727;1478.123503;1179.362918;1374.880383;1227.026652;147.8537312;1.120497571;1810.859197;1595.166529;1649.097758;1771.013598;1747.018404;1898.850687;1805.627563;1685.041161;120.5864018;1.071562882;0.956327715
gene-LOC117896402;0;0.000703393;1385.773006;1425.074378;1436.517765;1522.213514;1458.696737;1584.606564;1521.838938;1415.788383;106.0505555;1.074905655;1424.793309;1929.693726;1584.368679;1877.752604;1877.964939;2024.077718;1926.59842;1646.285238;280.3131825;1.170270118;1.088718915
gene-LOC117902057;0;0.000713324;5559.693955;5962.152321;6122.633967;6325.282962;6164.197329;6556.634375;6348.704889;5881.493415;467.211474;1.079437558;8135.038813;7576.747568;8768.300578;8024.211561;7656.646169;7994.936609;7891.931446;8160.028986;-268.09754;0.967145026;0.895971257
gene-LOC117896543;0;0.000718626;4895.616687;5254.831363;5001.911023;5228.425565;5586.4622;5064.506488;5293.131418;5050.786358;242.3450599;1.047981649;7354.057387;6895.955378;7295.46508;6891.924179;6266.270766;6173.607416;6443.934121;7181.825949;-737.891828;0.897255679;0.856174991
gene-LOC117897127;1.56E-224;0.000723468;116.213522;283.7629801;157.3993112;82.04838797;117.4052382;115.3385762;104.9307341;185.7919378;-80.86120365;0.564775498;103.9833626;113.856625;95.59987001;178.4676191;85.16847796;143.1166063;135.5842344;104.4799525;31.10428193;1.297705743;2.297737329
gene-LOC117901687;0;0.000729214;1242.215126;1093.32207;1047.004279;1164.871192;1010.191834;935.1776445;1036.74689;1127.513825;-90.76693477;0.919498162;1428.111926;1286.462484;1225.869167;1424.325304;1273.268746;1201.157232;1299.58376;1313.481192;-13.8974319;0.98941939;1.076042814
gene-LOC117896571;0;0.000736951;209.965607;172.1356313;170.3498875;183.5292889;114.0266702;145.472078;147.6760124;184.1503752;-36.47436286;0.80193164;170.3557217;95.07615074;171.2831004;138.3337526;109.6544154;91.15164807;113.0466053;145.5716576;-32.52505228;0.776570159;0.968374511
gene-LOC117902046;0.004614741;0.000750401;6.836089529;19.82167876;11.95437807;4.318336209;10.13570402;10.39086272;8.281634316;12.87071545;-4.589081136;0.64344786;0;3.521338916;4.979159897;5.97738437;3.193817924;9.370730175;6.180644156;2.833499604;3.347144552;2.181275814;3.38998068
gene-LOC117893819;0;0.000758765;100.5881745;99.10839379;114.5627898;77.73005176;79.39634817;77.93147038;78.35262344;104.7531194;-26.40049593;0.747974131;92.92130273;96.24993038;86.6373822;99.90771019;113.9128393;94.55918631;102.7932453;91.9362051;10.85704016;1.118093195;1.494828695
gene-LOC117897213;3.09E-72;0.000763009;13.67217906;7.302723753;10.9581799;19.43251294;18.58212404;38.44619205;25.48694301;10.6443609;14.84258211;2.394408011;14.3806778;5.868898194;3.983327917;3.415648212;18.09830157;12.77826842;11.4307394;8.077634638;3.353104762;1.415109733;0.591006097
gene-LOC117895186;0;0.000766206;481.4560197;435.0336864;369.589522;720.0825629;483.979867;649.4289198;617.8304499;428.693076;189.1373739;1.441195308;486.7306333;522.3319393;507.8743094;619.9401504;579.1456502;743.6952221;647.5936742;505.6456274;141.9480469;1.280726341;0.888655641
gene-LOC117895562;0;0.000774148;1494.173854;1292.582104;1167.544258;1390.504259;1164.76132;1105.587793;1220.284458;1318.100072;-97.81561451;0.925790449;1363.951979;1346.325246;1147.19844;1305.631529;1010.31107;1140.673428;1152.205342;1285.825222;-133.6198796;0.896082393;0.967910605
gene-LOC117901762;0.004590461;0.000823401;5.85950531;8.345970003;8.965783551;0;2.533926005;0;0.844642002;7.723752955;-6.879110953;0.109356424;5.531029924;3.521338916;3.983327917;9.393032582;4.258423898;2.555653684;5.402370055;4.345232253;1.057137802;1.243286835;11.36912484
gene-LOC117895429;0;0.000823663;144.5344643;106.4111175;151.4221222;215.9168105;113.1820282;194.3091328;174.4693238;134.122568;40.34675581;1.300820037;238.9404927;245.3199445;284.8079461;228.8484302;308.7357326;270.8992905;269.4944844;256.3561278;13.13835667;1.05125041;0.808144386
gene-LOC117898089;0;0.000824573;279.3030865;316.1036139;287.9012718;354.1035691;342.0800107;333.5466932;343.2434244;294.4359907;48.80743365;1.165765855;256.6397885;257.0577409;243.9788349;222.8710458;262.9576757;240.2314463;242.0200559;252.5587881;-10.53873216;0.958272162;0.822010834
gene-LOC117891341;0;0.000856511;1095.727493;1250.852254;1356.821911;966.2277268;1190.100581;1100.392362;1085.573556;1234.467219;-148.893663;0.879386297;1662.627595;1674.983545;1902.03908;1336.372363;1283.914805;1330.643685;1316.976951;1746.550073;-429.5731224;0.754044771;0.857467048
gene-LOC117889987;0;0.000862812;1057.640709;1129.835689;1069.916837;853.9509853;1075.229268;943.4903347;957.5568628;1085.797745;-128.2408822;0.881892477;602.8822617;687.8348683;563.6409003;495.2689907;656.8618863;379.0886298;510.4065023;618.1193435;-107.7128412;0.825741028;0.936328464
gene-LOC117900074;0;0.000865753;220.7080334;258.7250701;235.1027687;172.7334484;184.9765984;219.2472033;192.3190834;238.178624;-45.85954068;0.807457362;158.1874558;142.0273363;144.395637;107.5929187;169.27235;89.44787895;122.1043825;148.2034764;-26.09909385;0.823896885;1.020359618
gene-LOC117894054;0;0.000866547;1749.062335;1536.701727;1237.27813;1653.922768;1310.039745;964.2720602;1309.411524;1507.680731;-198.2692064;0.868493904;2496.706908;1657.37685;1518.643768;1737.711028;1676.75441;1332.347454;1582.270964;1890.909175;-308.6382115;0.836777876;0.963481577
gene-LOC117900463;0;0.00087454;794.9395538;1497.058369;1104.783773;660.70544;990.7650681;975.7020091;875.7241724;1132.260565;-256.536393;0.773429897;1158.197666;935.5023721;1442.960538;876.1137663;1148.709847;1456.7226;1160.515404;1178.886859;-18.37145449;0.98441627;1.272793144
gene-LOC117903535;0;0.000878284;7573.410614;7739.843932;7027.181908;8909.807183;7981.866917;7982.260739;8291.311613;7446.812151;844.4994621;1.113404158;9539.920413;9007.584948;8769.29641;9396.44823;9362.14494;10287.35796;9681.983711;9105.60059;576.3831209;1.063299847;0.95499899
gene-LOC117903152;0;0.000886036;69.3374795;68.85425253;43.83271958;124.152166;77.70706417;110.1431448;104.0007917;60.67481721;43.32597445;1.714068479;45.35444538;92.72859146;71.69990251;60.62775576;92.62071979;78.37337965;77.20728506;69.92764645;7.279638613;1.10410244;0.644141382
gene-LOC117902061;0;0.000892386;694.3513793;743.8345765;786.9965562;909.009772;793.9634817;872.8324682;858.6019073;741.727504;116.8744033;1.15757054;1214.614171;950.7615074;1097.406841;1132.287382;912.3673202;1132.154582;1058.936428;1087.594173;-28.65774518;0.973650332;0.841115335
gene-LOC117891835;0;0.000902487;401.3761138;531.0123415;441.3157904;435.0723731;594.6279693;523.6994809;517.7999411;457.9014152;59.8985259;1.130810965;298.6756159;242.9723852;299.7454258;234.8258146;391.7749986;344.1613628;323.587392;280.4644756;43.12291636;1.15375536;1.020290213
gene-LOC117901261;0;0.000906386;417.0014612;418.3417464;358.6313421;249.3839161;349.6817887;297.1786737;298.7481262;397.9915166;-99.2433904;0.750639433;522.1292249;301.6613672;285.8037781;298.0153065;309.8003386;195.0815646;267.6324032;369.86479;-102.2323868;0.723595245;0.963971799
gene-LOC117900432;0;0.000909522;3570.391902;3575.2049;3929.005592;3345.630978;3473.167911;3490.290787;3436.363225;3691.534131;-255.1709061;0.930876731;5283.239784;4571.871693;4581.822937;5029.541992;4472.409699;4557.582403;4686.511365;4812.311471;-125.8001064;0.973858694;1.046173636
gene-LOC117892319;0;0.00091253;682.6323686;664.5478615;602.6998943;530.0757697;567.5994252;598.5136925;565.3962958;649.9600415;-84.56374569;0.869893931;472.3499555;613.8867511;405.3036156;541.3802416;645.1512206;468.5365088;551.6893236;497.1801074;54.50921623;1.10963676;1.27560007
gene-LOC117889610;0;0.000925462;2969.792608;3525.12908;3004.533688;4378.792916;3578.748162;3872.674535;3943.405204;3166.485125;776.9200787;1.245357249;4608.454133;4300.728597;5407.367648;4537.688649;4395.758069;5803.889517;4912.445412;4772.183459;140.2619526;1.029391568;0.826583351
gene-LOC117896185;0;0.000950438;3393.630159;3651.361876;3614.206969;3312.163872;3509.487517;3360.405003;3394.018798;3553.066335;-159.0475374;0.955236542;4828.589124;4852.405027;5494.00503;5114.079285;4398.951887;4375.279107;4629.43676;5058.33306;-428.8963005;0.915209952;0.95809772
gene-LOC117890412;0;0.000953364;1732.460403;1935.221795;1881.818348;2392.35826;2348.104765;1966.990312;2235.817779;1849.833515;385.9842639;1.20865892;2263.297445;2394.510463;2651.900561;2520.74838;2577.411064;2704.733482;2600.964309;2436.56949;164.3948193;1.067469785;0.883185295
gene-LOC117894007;1.33E-25;0.00097212;15.62534749;8.345970003;11.95437807;6.477504314;3.378568007;2.078172543;3.978081621;11.97523186;-7.997150234;0.332192451;4.424823939;17.60669458;8.962487814;11.10085669;12.77527169;17.88957579;13.92190139;10.33133545;3.590565946;1.347541319;4.056507951
gene-LOC117895731;4.72E-291;0.000972699;31.25069499;38.60011127;23.90875614;21.59168105;12.66963003;18.70355289;17.65495465;31.25318746;-13.59823281;0.56490093;25.44273765;21.1280335;17.92497563;26.47127364;38.32581508;22.1489986;28.98202911;21.49858226;7.483446848;1.348090249;2.386418889
gene-LOC117899263;0;0.000978274;2607.479863;2486.055815;3634.130933;2458.212887;2363.308321;3472.62632;2764.715843;2909.222204;-144.5063608;0.95032818;1227.888643;1307.590518;1202.965031;1379.067965;1305.206925;1437.98114;1374.085343;1246.148064;127.9372794;1.102666194;1.160300428
gene-LOC117893991;0;0.000987485;1213.894183;1229.987329;1280.114652;1133.563255;1148.713122;1162.737538;1148.337972;1241.332055;-92.99408294;0.925085248;1601.786266;1476.614786;1483.789649;1451.65049;1324.369832;1400.498219;1392.172847;1520.730234;-128.5573865;0.915463385;0.989598944
gene-LOC117899394;0;0.000989025;297.8581866;324.4495839;285.9088755;256.9410044;240.7229705;275.357862;257.6739457;302.738882;-45.06493633;0.851142555;497.7926932;306.3564857;345.5536968;420.9786421;344.9323358;379.0886298;381.6665359;383.2342919;-1.567756021;0.995909145;1.170085009
